dimension,algorithm,function,min,max,mean,std,median,1_quart,3_quart
10,FDA,Cigar,20.291929688385665,89426119938.28783,1146721761.864496,7688723045.73755,20.35948770935478,20.32571987714459,20.393290206430514
10,DIRECT,Cigar,28531.08349271344,163064897844.02917,25633709708.244495,26089237097.181293,14897769120.24966,4677582420.113926,41098190943.97212
10,DIRECTL,Cigar,28523.25207022945,64614976513.14439,16503054509.830296,18880346910.893894,3709967156.969133,91299259.72461198,34727533525.9032
10,DIRECTR,Cigar,5976.767058760693,140877816124.93692,4282069734.506019,12896538205.628511,6393.17165828689,5996.119784402111,29397631.84516674
10,SOO,Cigar,24023288.97528774,104690680545.34843,2448767615.3523674,9003969986.809214,24726418.120379634,24143745.403655674,122664413.02118908
10,DIRECTBs,Cigar,26473863.790463675,64614976513.14439,68430451.98943599,1057211362.3114833,26473863.790681746,26473863.790591925,26473863.790774647
10,FDABs,Cigar,20.291929688385665,89426119938.28783,1146721761.864496,7688723045.73755,20.35948770935478,20.32571987714459,20.393290206430514
10,FDADBs,Cigar,19396017941.719303,91466323557.22916,52723991102.83369,17770653367.34322,48648028744.9901,37344684404.94992,66163708046.927475
10,FDAC,Cigar,20.291929688385665,89426119938.28783,1146721761.864496,7688723045.73755,20.35948770935478,20.32571987714459,20.393290206430514
10,FDAD,Cigar,19396017941.719303,91466323557.22916,52723991102.83369,17770653367.34322,48648028744.9901,37344684404.94992,66163708046.927475
10,SOOBs,Cigar,26607114.141008597,51485721241.34476,39616613.46418226,586227890.9886062,26607114.141008597,26607114.141008597,26607114.141008597
15,FDA,Cigar,4319.256585879983,152910581104.92972,1902290964.4497945,13109733394.71458,4343.101367331676,4331.178804938212,4355.041212907301
15,DIRECT,Cigar,552132.18301891,211822303310.71323,48751354503.32444,35158011204.23293,40960991859.94081,25278369265.530617,63251128748.46016
15,DIRECTL,Cigar,81307.67653470542,112222675547.2784,14135689580.28157,9667146996.96869,17557480326.8125,3015115302.4067097,21707803536.467915
15,DIRECTR,Cigar,166639.37932520523,190432617823.31467,5289284566.380588,17314093395.134583,166846.27454678435,166639.65532588767,9941005.79137789
15,SOO,Cigar,70819.73527667776,167341064829.63425,3373519946.4817023,11751055136.55182,14546282.025730833,90200.86774933964,315613190.81083715
15,DIRECTBs,Cigar,81285.37961286328,112222675547.2784,74295102.7434995,1650982115.3217368,81285.3796128688,81285.3796128688,81285.3796128688
15,FDABs,Cigar,4319.256585879983,152910581104.92972,1902290964.4497945,13109733394.71458,4343.101367331676,4331.178804938212,4355.041212907301
15,FDADBs,Cigar,33036787697.89834,154042705325.94812,92362430415.57274,30343642563.641155,87739048856.32886,65708899343.84389,116640293627.0954
15,FDAC,Cigar,4318.838886085613,114978206248.01656,1178048910.44127,9261487318.67735,4342.6800886049605,4330.762264632398,4354.616370528902
15,FDAD,Cigar,33036787697.89834,154042705325.94812,92362430415.57274,30343642563.641155,87739048856.32886,65708899343.84389,116640293627.0954
15,SOOBs,Cigar,93999322.96066745,111813653546.31725,112542663.0954005,801296461.617873,93999322.96066745,93999322.96066745,93999322.96066745
20,FDA,Cigar,1766.2352414492843,117389012064.25948,1213076140.423977,9396013524.913168,1779.9073577397478,1773.0748852347783,1786.7545024384017
20,DIRECT,Cigar,661887318.9105797,202562888989.92493,50192964640.60802,27293737249.759464,45512273395.364624,32539816855.03649,62609902381.15195
20,DIRECTL,Cigar,244808.1722687505,88371325258.45761,19793107548.534893,10860330984.987558,22931996717.97866,16547649733.617247,27123599168.619045
20,DIRECTR,Cigar,631756587.9069701,163274496369.4742,7322428482.789985,15634178989.622307,631991507.6296012,631757144.9967718,1366627004.1521442
20,SOO,Cigar,7884937.448898786,121612816767.62346,5028113303.346252,13331008089.794603,202377208.1744503,9082300.330826005,747788859.5414035
20,DIRECTBs,Cigar,244752.6561407341,88371325258.45761,134582923.8396507,2223980117.8381553,244752.65615036144,244752.6561503614,244752.65615036144
20,FDABs,Cigar,1766.2352414492843,117389012064.25948,1213076140.423977,9396013524.913168,1779.9073577397478,1773.0748852347783,1786.7545024384017
20,FDADBs,Cigar,22522601860.99372,119953023761.90646,60062394132.55942,28013028376.404858,54286532527.52369,35458679449.61763,81757484717.31805
20,FDAC,Cigar,1766.2352414492843,117389012064.25948,1213076140.423977,9396013524.913168,1779.9073577397478,1773.0748852347783,1786.7545024384017
20,FDAD,Cigar,22522601860.99372,119953023761.90646,60062394132.55942,28013028376.404858,54286532527.52369,35458679449.61763,81757484717.31805
20,SOOBs,Cigar,259791200.83281776,67825367856.24652,282384529.9722349,892559172.2525771,259791200.8328204,259791200.8328178,259791200.832855
30,FDA,Cigar,74.71158952219386,173036463358.9548,1867847539.8815868,14082330876.381987,75.08436977194012,74.89802637712957,75.27085803707024
30,DIRECT,Cigar,901395353.5202298,274188955021.66467,64773313030.0908,37891248215.95975,54471851943.22646,40012790348.934586,80710288189.68103
30,DIRECTL,Cigar,457487752.8863412,136594267742.73882,53071932521.35104,24084517669.267883,54390753653.90973,36396446979.81591,72327850288.00348
30,DIRECTR,Cigar,999176540.8093967,229986681642.04596,9701288564.965971,21644647530.658585,1000070698.7498852,999180433.9806336,1285358619.8647714
30,SOO,Cigar,6898337.092002299,217315624199.61115,7927999680.508697,18020143080.027157,467214995.3709289,12406206.104307696,4755707844.097427
30,DIRECTBs,Cigar,457392079.9386803,136594267742.73882,686539273.0157963,3363729146.8994937,457392079.9386804,457392079.9386804,457392079.93868047
30,FDABs,Cigar,74.71158952219386,173036463358.9548,1867847539.8815868,14082330876.381987,75.08436977194012,74.89802637712957,75.27085803707024
30,FDADBs,Cigar,36419429430.03175,175171371675.91513,90072276303.91702,39860059433.800735,82142412350.14192,54954870573.866714,121049403005.22905
30,FDAC,Cigar,74.71453502399885,138063156596.61307,1484973081.2457073,11254318459.551876,75.08731874812034,74.9011085350555,75.27388492491008
30,FDAD,Cigar,36419429430.03175,175171371675.91513,90072276303.91702,39860059433.800735,82142412350.14192,54954870573.866714,121049403005.22905
30,SOOBs,Cigar,643185678.2178385,115723469247.1728,673061732.989042,1153770747.3246415,643185682.1384432,643185680.7991977,643185683.5081688
50,FDA,Cigar,6472.60680552795,199408993059.42856,1833681908.8353546,15693469718.467894,6500.688828981631,6485.194952980423,6516.202976451726
50,DIRECT,Cigar,2188776585.280895,317980906600.63684,89489840215.50053,43946370489.467186,81980812028.84485,57857479721.80154,112480984606.5424
50,DIRECTL,Cigar,12861448.750726558,173741758064.82376,82559850027.37518,39854702870.660255,86846502344.57748,54595289313.41151,115103378666.34322
50,DIRECTR,Cigar,1140093017.6888669,242481592923.2961,16571194620.592285,33788411051.480446,1145862931.3617911,1140278465.94246,6377677306.842755
50,SOO,Cigar,79111513.46861549,210548688456.5812,19248310434.210476,36456116904.77249,985119914.8106208,114435473.74587217,19127553151.524765
50,DIRECTBs,Cigar,12860789.699461931,173741758064.82376,658535714.3822573,7298347324.140511,12860789.699461935,12860789.699461935,12860789.69946194
50,FDABs,Cigar,6472.60680552795,199408993059.42856,1833681908.8353546,15693469718.467894,6500.688828981631,6485.194952980423,6516.202976451726
50,FDADBs,Cigar,17756923737.251686,201483740151.00076,79417615148.8118,53010175193.74633,63662501766.90475,33375239467.034958,117575682175.03683
50,FDAC,Cigar,6472.60680552795,199408993059.42856,1833681908.8353546,15693469718.467894,6500.688828981631,6485.194952980423,6516.202976451726
50,FDAD,Cigar,17756923737.251686,201483740151.00076,79417615148.8118,53010175193.74633,63662501766.90475,33375239467.034958,117575682175.03683
50,SOOBs,Cigar,2402115928.544824,156273818683.4337,2461733065.2229724,2248819069.956131,2402122351.5298767,2402119831.6410108,2402140490.9573216
100,FDA,Cigar,4171.996629303627,369656300890.2471,3236587640.3610306,29259409609.48932,4182.665450933484,4177.3294417089355,4188.0000175904925
100,DIRECT,Cigar,9902228123.614605,517617354698.56696,211664338016.1791,74380011790.0875,212385864295.51575,167096498599.7667,253477566270.68036
100,DIRECTL,Cigar,569901316.7865779,339817753331.4238,147443422200.13583,71184086563.11653,159946293367.12048,109678217399.50194,200781331205.5197
100,DIRECTR,Cigar,7396862241.876465,418489620333.2479,46972973820.53575,64941876916.785065,8480957114.752909,7420514996.388264,57944077893.58728
100,SOO,Cigar,750863388.0785272,385463833284.0245,60942082815.506874,84232479630.59193,18137674616.861458,2379309547.220912,87917404005.91302
100,DIRECTBs,Cigar,569581072.1142673,339817753331.4238,3328273029.5592446,21685366125.287956,569581072.1142675,569581072.1142673,569581072.1186924
100,FDABs,Cigar,4171.996629303627,369656300890.2471,3236587640.3610306,29259409609.48932,4182.665450933484,4177.3294417089355,4188.0000175904925
100,FDADBs,Cigar,20510206833.26697,371725145882.8068,130894829279.87393,101808183855.53963,96625645015.9476,43318236594.89093,201107038974.11102
100,FDAC,Cigar,4171.996629303627,369656300890.2471,3236587640.3610306,29259409609.48932,4182.665450933484,4177.3294417089355,4188.0000175904925
100,FDAD,Cigar,20510206833.26697,371725145882.8068,130894829279.87393,101808183855.53963,96625645015.9476,43318236594.89093,201107038974.11102
100,SOOBs,Cigar,3191918289.313462,326380240357.0852,3325523428.962071,4351209755.457797,3212033056.1603518,3205830825.772791,3216918687.491105
10,FDA,Modified_schwefel,1342.592630748451,6051.258643308086,1524.5324111427483,485.97588501613245,1401.8344841323558,1401.8338223108626,1424.925932142475
10,DIRECT,Modified_schwefel,828.6414260371932,6552.023775951549,3530.575858964476,673.4584261014735,3549.5504915036136,3118.890568323237,3973.9212997527447
10,DIRECTL,Modified_schwefel,902.1871229086173,5379.683154910288,3250.8361087712883,1073.022262399588,3526.9366542216144,2981.647842510039,3935.9909716961392
10,DIRECTR,Modified_schwefel,345.52705375216283,5934.030450403913,1202.9868456747333,1199.0667658731263,454.4384603381229,345.5272292226016,2223.272202530671
10,SOO,Modified_schwefel,15.258740902312638,5630.573823997482,685.9061215031005,924.7900533884433,157.83216656037428,141.9576007041071,808.6242543530985
10,DIRECTBs,Modified_schwefel,1251.486703731543,5110.416498672708,1258.1641968772556,110.62889881589676,1251.4867037326198,1251.4867037324102,1251.486703734156
10,FDABs,Modified_schwefel,1622.493007325863,6423.932105893797,2037.5851150799062,529.9085123952276,1934.5326294589577,1875.2914195212968,1941.123969829226
10,FDADBs,Modified_schwefel,1977.5083009807704,6425.122290073297,3156.240350208848,1404.305639490471,2470.363096778725,2018.81539623546,3983.196364982741
10,FDAC,Modified_schwefel,1622.493007325863,6423.932105893797,2033.486591983814,519.5873428166809,1934.5326294589445,1875.2914193235306,1940.6049331250292
10,FDAD,Modified_schwefel,1549.6010648369343,6107.69288541854,2744.8006088617926,1389.9029745543203,2117.5939880123233,1623.620865463181,3547.147278214335
10,SOOBs,Modified_schwefel,941.8701510893725,5022.533478406949,945.4400427297958,81.76285862091098,941.8701510893725,941.8701510893725,941.8701510893725
15,FDA,Modified_schwefel,2403.251202988168,8860.936162952814,2724.4429969092967,663.0660755313963,2620.93404437123,2620.9340443710425,2621.009274572955
15,DIRECT,Modified_schwefel,1267.9872433132614,8167.910603010812,4734.866657897858,900.3084508254764,4730.464031107552,4280.712489247599,5269.962342667281
15,DIRECTL,Modified_schwefel,1267.944028395019,8124.600093947462,4475.979029899353,1149.5336951117113,4700.354998185086,4217.628148712689,5153.090787207892
15,DIRECTR,Modified_schwefel,901.9180791722365,8124.600093947462,1486.0984947297945,1352.563143397515,902.0127365130329,901.9183939809279,913.3718855439711
15,SOO,Modified_schwefel,550.593323644287,7920.6241103225875,1438.7116023254016,1381.284309275199,579.0388332342645,557.7959938265192,2138.2838641222343
15,DIRECTBs,Modified_schwefel,1267.604929787939,8124.600093947462,1280.6289345914934,212.34061515419492,1267.6049297879763,1267.604929787949,1267.6049297879772
15,FDABs,Modified_schwefel,2396.614349554993,8853.700216683994,2769.589406196086,826.4384412113656,2615.7448129753016,2615.744812975292,2615.746155836554
15,FDADBs,Modified_schwefel,3030.179203209522,8880.934660164396,4708.173959278326,1818.9938301070883,3969.253882302672,3086.2982704826754,6083.147893952385
15,FDAC,Modified_schwefel,2403.251202988168,8860.936162952814,2724.4429969092967,663.0660755313963,2620.93404437123,2620.9340443710425,2621.009274572955
15,FDAD,Modified_schwefel,2620.9340443710416,8856.808128962028,4375.029162942592,1964.1610631748301,3485.427672195173,2686.1455209624955,5780.424685253869
15,SOOBs,Modified_schwefel,1210.7691007605108,7557.942464084375,1214.7098288512345,108.65021243249208,1210.7691007605108,1210.7691007605108,1210.7691007605108
20,FDA,Modified_schwefel,4242.519620167747,10723.27308530836,4743.90185355277,646.2692170609702,4657.104797221199,4648.4933090563245,4657.230066703647
20,DIRECT,Modified_schwefel,1663.8957128701795,9212.515267301837,6242.085503136882,939.9163579022869,6196.238340806345,5643.818567968081,6849.335211207579
20,DIRECTL,Modified_schwefel,1663.4036421740384,9699.940527971285,6760.442490185422,1560.6153928595486,6942.589835452303,6048.984924035494,7821.021856186435
20,DIRECTR,Modified_schwefel,1645.0033987022507,9259.675080837003,2392.2368546365124,1610.934984002481,1645.0105778606244,1645.0034444049606,1711.9912833460746
20,SOO,Modified_schwefel,482.2929450974209,9382.284404034948,2178.350022486586,2148.7069312803824,1100.675799431278,689.9908003286114,2980.0455500061053
20,DIRECTBs,Modified_schwefel,1663.3722405196831,8806.342685965748,1683.8974087165952,289.62236308991385,1663.372240519684,1663.372240519684,1663.3722405196859
20,FDABs,Modified_schwefel,3492.1452644123583,10055.025640786138,4098.3282523553935,844.1164330926117,3906.730504700529,3906.730441462374,3961.8963470927165
20,FDADBs,Modified_schwefel,3911.2692535334927,10158.7438101056,5790.2556604296,1947.3908540997531,5092.798445097753,3959.4086596400193,7314.930865135122
20,FDAC,Modified_schwefel,3575.922451782655,10654.11002469997,4123.065458803108,806.3744834266976,3990.5076290486404,3990.506670554756,4005.1866243656277
20,FDAD,Modified_schwefel,4647.121370866887,10845.280106410555,6360.5901021419295,1952.1921967704513,5429.4526478919925,4664.5935561126,7831.326506113061
20,SOOBs,Modified_schwefel,1681.1358150879723,8671.349724685497,1687.0457752800673,158.94037912213759,1681.135815087981,1681.1358150879778,1681.135815087985
30,FDA,Modified_schwefel,3931.7648947224043,15139.943442361586,4607.023453263536,1063.6157594300446,4361.749429409169,4361.720809810649,4406.854212514363
30,DIRECT,Modified_schwefel,3711.7787993430074,12930.128587609786,8507.314107382865,1089.6211005753266,8462.678190792303,7791.504112717643,9202.530390524136
30,DIRECTL,Modified_schwefel,3559.5975249095627,14680.51102860182,10084.818252816758,1537.382520363796,10235.922916850901,9241.238503735469,11123.74856229663
30,DIRECTR,Modified_schwefel,3425.8546819569547,12805.342739154488,4330.8208356185905,1746.1231135889068,3426.0494899123987,3425.8560324458167,4637.73824167513
30,SOO,Modified_schwefel,2274.839719211328,14651.247379334409,4576.206865362912,2429.318399064712,3079.262677703766,2693.9172770431624,6716.876504677187
30,DIRECTBs,Modified_schwefel,3556.4155324366166,12805.342739154488,3586.3194933802993,362.2737714291654,3556.415532436782,3556.41553243662,3556.415532436784
30,FDABs,Modified_schwefel,3931.7648947224043,15139.943442361586,4607.023453263536,1063.6157594300446,4361.749429409169,4361.720809810649,4406.854212514363
30,FDADBs,Modified_schwefel,4677.519858491556,15304.901076661059,7120.809494225026,3219.8845486557248,5056.06849064315,4711.858635100865,9255.533230520552
30,FDAC,Modified_schwefel,3931.7648947224043,15139.943442361586,4607.023453263536,1063.6157594300446,4361.749429409169,4361.720809810649,4406.854212514363
30,FDAD,Modified_schwefel,4677.519858491556,15304.901076661059,7120.809494225026,3219.8845486557248,5056.06849064315,4711.858635100865,9255.533230520552
30,SOOBs,Modified_schwefel,3248.5651113203094,11506.63977462195,3255.984857521893,184.93915496133792,3248.56511196022,3248.565111748057,3248.565112139011
50,FDA,Modified_schwefel,9134.941731271949,22964.41631569061,9512.977599223925,1326.4061588985971,9273.149969920862,9273.149967202256,9305.513987043954
50,DIRECT,Modified_schwefel,4833.822152328201,19316.56168868788,14134.0483605005,1538.8993232622267,14164.479008030663,13395.362991804406,15017.859055380244
50,DIRECTL,Modified_schwefel,5228.401747889149,23510.7167593307,17219.027632081586,2781.9113468252076,17582.82096369701,15422.713379456029,19329.223756389754
50,DIRECTR,Modified_schwefel,3948.8191129388833,19727.34725409217,5488.848179311426,3404.9132468896614,3949.170077734874,3948.820975621855,4000.0363268886867
50,SOO,Modified_schwefel,5114.520168564612,18737.89711589615,9089.838084299296,3386.3901194795485,8732.301787984552,5917.6763771811075,12218.873809840712
50,DIRECTBs,Modified_schwefel,5207.521806866558,19297.45851791332,5280.712810654603,749.5082091779956,5207.521806866562,5207.52180686656,5207.521806866562
50,FDABs,Modified_schwefel,9134.941731271949,22964.41631569061,9512.977599223925,1326.4061588985971,9273.149969920862,9273.149967202256,9305.513987043954
50,FDADBs,Modified_schwefel,9233.688558297032,23196.213917408702,12258.392392394138,4001.3049633231412,10126.407024931568,9268.410051546967,14079.253865576857
50,FDAC,Modified_schwefel,9156.325267940072,21949.84938533745,9559.376875713411,1222.7098675020093,9294.533533971193,9294.533503870383,9511.836130821172
50,FDAD,Modified_schwefel,9233.688558297032,23196.213917408702,12258.392392394138,4001.3049633231412,10126.407024931568,9268.410051546967,14079.253865576857
50,SOOBs,Modified_schwefel,7180.360918577735,17954.039713183025,7190.055689457533,244.08912792532146,7180.363090233615,7180.362266935452,7180.365160435538
100,FDA,Modified_schwefel,16323.17507310999,45166.07210394759,17033.669724978823,2200.4240306475845,16816.77636000369,16777.168292477156,16896.720023857168
100,DIRECT,Modified_schwefel,12203.702364777471,41480.94557742479,29764.722119858172,4154.296808518093,29774.28534214919,27817.87329765885,32244.48523676995
100,DIRECTL,Modified_schwefel,12548.24680496049,43823.85202057144,33363.45747360421,6327.672399492729,35045.92552138761,30814.34477779173,37607.73398672271
100,DIRECTR,Modified_schwefel,12880.252955556844,41248.40422793092,17206.795451589347,6305.467384572208,12993.086234512426,12881.445164210976,22259.41828718608
100,SOO,Modified_schwefel,11031.610067610303,41691.32928140017,23866.474560184448,6845.894704507642,25105.547959245618,18293.140447136375,28783.127043518827
100,DIRECTBs,Modified_schwefel,12550.542876958967,41248.40422793092,12768.508798232819,1680.880398401548,12550.542876959693,12550.542876959124,12550.542876962363
100,FDABs,Modified_schwefel,16323.17507310999,45166.07210394759,17033.669724978823,2200.4240306475845,16816.77636000369,16777.168292477156,16896.720023857168
100,FDADBs,Modified_schwefel,17025.839726678427,45368.55258970125,21156.493786720283,7264.392978617202,17246.26935109053,17025.851605157535,21751.510114215453
100,FDAC,Modified_schwefel,16323.17507310999,45166.07210394759,17033.669724978823,2200.4240306475845,16816.77636000369,16777.168292477156,16896.720023857168
100,FDAD,Modified_schwefel,17025.839726678427,45368.55258970125,21156.493786720283,7264.392978617202,17246.26935109053,17025.851605157535,21751.510114215453
100,SOOBs,Modified_schwefel,13170.620965461349,40539.794391057454,13221.051092962536,557.5053488847878,13198.993470974021,13192.805423600685,13204.66054666366
10,FDA,Lunacek_bi_rastrigin,293.1826872200252,1013.8881843724696,821.6177038964838,24.757953381233765,820.0311820787642,812.2522756280139,823.6767299217984
10,DIRECT,Lunacek_bi_rastrigin,53.638258591677754,2786.047285207716,780.5965003065418,484.0345071501827,728.4238658073791,342.0971660218744,1155.4184902712477
10,DIRECTL,Lunacek_bi_rastrigin,53.41846144177646,2084.758480189403,911.792416030882,472.3505044917784,1009.9111739237617,582.4551512284656,1247.1286202181973
10,DIRECTR,Lunacek_bi_rastrigin,33.953616779510185,2322.9783526060023,169.00778948491944,288.87268037235367,34.33615051435231,33.95366178607651,133.58949739657822
10,SOO,Lunacek_bi_rastrigin,16.446095097673265,1888.2092718573158,100.556550722231,186.94468488570408,34.42669899340626,27.544992500871928,88.63604483036346
10,DIRECTBs,Lunacek_bi_rastrigin,86.56069880320376,953.7511623080752,87.370567849094,17.733159575589227,86.5606988032041,86.56069880320399,86.56069880320422
10,FDABs,Lunacek_bi_rastrigin,293.1826872200252,1427.3776272319,850.7139907646058,147.70953531087653,868.3184035105619,788.1639929221192,872.4395209100591
10,FDADBs,Lunacek_bi_rastrigin,293.1826872200252,1454.9013141566284,1291.9791546258523,69.09173475869788,1260.8609514898385,1259.346096348592,1310.5352104667197
10,FDAC,Lunacek_bi_rastrigin,293.1826872200252,1427.3776272319,850.4024354154485,148.06241344711052,868.3184035105619,788.1639928327754,872.4304004096216
10,FDAD,Lunacek_bi_rastrigin,293.1826872200252,1024.2844683354913,850.3339165134948,68.98926382338637,807.9871126176693,804.7937969002926,884.3266495488338
10,SOOBs,Lunacek_bi_rastrigin,45.077167854771346,808.231772655258,45.43377247290438,11.227362866354,45.077167854771346,45.077167854771346,45.077167854771346
15,FDA,Lunacek_bi_rastrigin,557.4734919818898,1735.0959757358478,834.0124700974859,172.42066238873954,779.8078476567421,778.8090259214437,793.8024935744229
15,DIRECT,Lunacek_bi_rastrigin,66.48267576157468,3921.611785190378,1143.433456760294,436.2380133984039,1072.2325002209304,839.9431823338608,1393.0261966574985
15,DIRECTL,Lunacek_bi_rastrigin,62.49413960425841,1956.6510511289403,896.4670126403877,361.59833493580135,922.6293642760779,713.7397404144313,1125.5688518559973
15,DIRECTR,Lunacek_bi_rastrigin,73.66286211673173,2928.211327538866,211.16513370283064,311.25326190527204,73.70458478074687,73.66289257683817,114.69465956112
15,SOO,Lunacek_bi_rastrigin,53.04277575509025,2396.138103591619,168.17756505407792,256.308889143118,60.53844662468771,56.15570473196826,152.36761063014137
15,DIRECTBs,Lunacek_bi_rastrigin,66.26323681907911,1305.407774709393,67.85178895861391,28.816082282806494,66.26323681907922,66.26323681907911,66.26323681907922
15,FDABs,Lunacek_bi_rastrigin,557.4734919818898,1735.0959757358478,834.0124700974859,172.42066238873954,779.8078476567421,778.8090259214437,793.8024935744229
15,FDADBs,Lunacek_bi_rastrigin,557.4734919818898,1765.594343112476,1558.2918153334347,76.0044658575119,1518.354178647518,1516.8262388582202,1574.477605172336
15,FDAC,Lunacek_bi_rastrigin,557.4734919818898,1689.2643200256853,1241.5099151206346,86.93428522711012,1202.1274942801351,1199.684762123592,1222.342450004419
15,FDAD,Lunacek_bi_rastrigin,557.4734919818898,1765.594343112476,1558.2918153334347,76.0044658575119,1518.354178647518,1516.8262388582202,1574.477605172336
15,SOOBs,Lunacek_bi_rastrigin,92.68987308113367,1203.88990331973,93.15360622723882,15.287417198208825,92.68987308113367,92.68987308113367,92.68987308113367
20,FDA,Lunacek_bi_rastrigin,591.5872144380819,2093.984357339207,869.4445102244548,295.4025653672724,729.3855500484028,723.8766726415561,818.3932340677575
20,DIRECT,Lunacek_bi_rastrigin,77.67042260011226,3258.024758481191,1196.4393364724324,356.65039542192744,1143.23244186196,950.1510118520468,1410.2209053888191
20,DIRECTL,Lunacek_bi_rastrigin,87.85533894096397,2432.867036719582,1244.423734858232,407.7350277289078,1277.5020597517819,981.5625582789949,1506.0966637776119
20,DIRECTR,Lunacek_bi_rastrigin,85.81695407424593,2513.411285958084,234.28295447446655,300.1138106748765,85.84164165943503,85.81698628424118,206.3744525978367
20,SOO,Lunacek_bi_rastrigin,61.84413744717983,2092.817951914952,232.58044475526913,281.37386210653733,96.76021532118335,80.18739574520703,237.95549585688067
20,DIRECTBs,Lunacek_bi_rastrigin,87.82209882859922,1493.6924556443432,90.12114042642679,33.650080454095736,87.82209882860195,87.82209882860195,87.82209882860195
20,FDABs,Lunacek_bi_rastrigin,591.5872144380819,2093.984357339207,869.4445102244548,295.4025653672724,729.3855500484028,723.8766726415561,818.3932340677575
20,FDADBs,Lunacek_bi_rastrigin,591.5872144380819,2154.645304609354,1859.7590497943968,93.37409832983555,1839.2376631821649,1785.8861039011458,1902.341322346384
20,FDAC,Lunacek_bi_rastrigin,591.5872144380819,2093.984357339207,869.4445102244548,295.4025653672724,729.3855500484028,723.8766726415561,818.3932340677575
20,FDAD,Lunacek_bi_rastrigin,591.5872144380819,2154.645304609354,1859.7590497943968,93.37409832983555,1839.2376631821649,1785.8861039011458,1902.341322346384
20,SOOBs,Lunacek_bi_rastrigin,184.39583817399307,1292.0173425488076,184.93220043993296,15.673277451133911,184.3958381739949,184.39583817399375,184.39583817399784
30,FDA,Lunacek_bi_rastrigin,1551.0652492359068,4434.790409661568,2005.7182425568606,601.4261139809224,1687.3573821737991,1654.2771684848713,2109.3909326193207
30,DIRECT,Lunacek_bi_rastrigin,85.41800758465592,7703.596810947733,2256.4851842091794,1095.3518113984956,1935.6575494127471,1515.3507861613548,2723.260743886626
30,DIRECTL,Lunacek_bi_rastrigin,114.65554981423884,4625.707996443342,2437.665487051071,863.3882414950717,2478.1843049247636,1781.8278828218804,3148.6777222591086
30,DIRECTR,Lunacek_bi_rastrigin,117.80823905739669,6646.875129205268,340.6098037477142,562.8368907179147,117.81782903396709,117.80828975223648,170.90624425013704
30,SOO,Lunacek_bi_rastrigin,104.66236926133979,4920.757025042206,513.1304973475035,637.5452978348449,266.092480327332,163.91376850813674,473.1089750898282
30,DIRECTBs,Lunacek_bi_rastrigin,114.62357942945755,3643.9295882271936,121.85706149310812,97.55325124101742,114.6235794294638,114.62357942946369,114.6235794294638
30,FDABs,Lunacek_bi_rastrigin,1551.0652492359068,4434.790409661568,2005.7182425568606,601.4261139809224,1687.3573821737991,1654.2771684848713,2109.3909326193207
30,FDADBs,Lunacek_bi_rastrigin,1854.417887195481,4440.22811940001,3755.6880167405993,217.0841202587358,3696.020679065997,3595.8245959067776,3855.3552479614264
30,FDAC,Lunacek_bi_rastrigin,1854.417887195481,4378.476531250204,3468.277356072445,139.8750015302528,3440.2396314254665,3433.5727792936154,3448.564562737852
30,FDAD,Lunacek_bi_rastrigin,1854.417887195481,4440.22811940001,3755.6880167405993,217.0841202587358,3696.020679065997,3595.8245959067776,3855.3552479614264
30,SOOBs,Lunacek_bi_rastrigin,256.87878999471536,3342.1722036607,258.2835277337776,44.053126969943996,256.8787905316966,256.8787903719809,256.87879071490715
50,FDA,Lunacek_bi_rastrigin,3296.01787394468,5610.500787322035,3584.3132826923274,422.6532708310925,3387.4982711034395,3368.59485070188,3469.029640286579
50,DIRECT,Lunacek_bi_rastrigin,261.62651199513834,9189.750150782407,3026.7995404624285,1114.908740072761,2805.9772743929625,2310.9510775055537,3603.873002746396
50,DIRECTL,Lunacek_bi_rastrigin,343.5901826019981,9348.315138742852,5037.126330585076,2068.287500375335,5125.288689834745,3338.792310346969,6836.355335073131
50,DIRECTR,Lunacek_bi_rastrigin,337.35770147411904,7685.466693058617,641.755863241696,818.0752275354367,337.4188196522282,337.358573410121,346.56323055178063
50,SOO,Lunacek_bi_rastrigin,243.40749253092497,6734.396013635013,966.72741729757,976.4658230660768,557.2667127047047,324.10576826309,1101.6355781535876
50,DIRECTBs,Lunacek_bi_rastrigin,394.09018549476696,4834.221766701964,411.61683968520646,190.07222718209252,394.0901854947672,394.0901854947672,394.0901854947672
50,FDABs,Lunacek_bi_rastrigin,3296.01787394468,5610.500787322035,3584.3132826923274,422.6532708310925,3387.4982711034395,3368.59485070188,3469.029640286579
50,FDADBs,Lunacek_bi_rastrigin,3306.843396923293,5664.493212173407,4909.904286626461,195.069827144769,4835.361161437983,4770.340129341221,4957.237814727291
50,FDAC,Lunacek_bi_rastrigin,3296.01787394468,5610.500787322035,3584.3132826923274,422.6532708310925,3387.4982711034395,3368.59485070188,3469.029640286579
50,FDAD,Lunacek_bi_rastrigin,3306.843396923293,5664.493212173407,4909.904286626461,195.069827144769,4835.361161437983,4770.340129341221,4957.237814727291
50,SOOBs,Lunacek_bi_rastrigin,477.6224214815436,4438.31689083934,479.6578251657791,60.701966354263575,477.62673059049723,477.62544501251386,477.62852738784585
100,FDA,Lunacek_bi_rastrigin,6806.3248450706,12509.09861689861,7432.206673340888,1034.690450909009,6868.112132073654,6839.98870104405,7507.665556301783
100,DIRECT,Lunacek_bi_rastrigin,1346.8504094195573,17936.54210139724,6748.999223997305,2378.8228714184283,6489.884547947895,5183.034070136049,8110.047407418599
100,DIRECTL,Lunacek_bi_rastrigin,679.841541767943,14493.173337899683,8013.846839901281,2957.7419683810626,8023.4705723975,5676.180058472923,10136.108829178826
100,DIRECTR,Lunacek_bi_rastrigin,1249.843200257542,14225.55831112107,2631.2797590944965,2182.6383572619075,1262.6936515341306,1250.0371586779306,3194.06314410462
100,SOO,Lunacek_bi_rastrigin,681.8277152918376,11476.781636491827,3288.8157590855963,2701.067134897028,2025.1086847884999,1254.747955840228,4933.6448797317125
100,DIRECTBs,Lunacek_bi_rastrigin,655.960215288349,11387.828414168736,732.2317851356443,583.2319023931979,655.9602152884572,655.9602152884572,655.960215308836
100,FDABs,Lunacek_bi_rastrigin,6806.3248450706,12509.09861689861,7432.206673340888,1034.690450909009,6868.112132073654,6839.98870104405,7507.665556301783
100,FDADBs,Lunacek_bi_rastrigin,8813.604082213382,12573.981801306754,10066.769735127134,922.9037466285366,9965.130731078121,9236.678286825034,10843.601206960355
100,FDAC,Lunacek_bi_rastrigin,6806.3248450706,12509.09861689861,7432.206673340888,1034.690450909009,6868.112132073654,6839.98870104405,7507.665556301783
100,FDAD,Lunacek_bi_rastrigin,8813.604082213382,12573.981801306754,10066.769735127134,922.9037466285366,9965.130731078121,9236.678286825034,10843.601206960355
100,SOOBs,Lunacek_bi_rastrigin,1197.9427132647563,10653.34542541344,1216.6271623230914,186.50523579998185,1208.8770607208653,1206.5146699226248,1211.6270015509913
10,FDA,Expanded_rosenbrock_griewangk,4.615663412943604,3.994601318445965e+19,1.8127930999556378e+17,1.9365271410233812e+18,4.616219908988114,4.61592700769944,4.616900886394717
10,DIRECT,Expanded_rosenbrock_griewangk,2.805940271157624,1.374521126169088e+19,4.750665303112681e+17,1.6581535715917783e+18,439192650477036.7,1000147351579.8984,5.2980635155580664e+16
10,DIRECTL,Expanded_rosenbrock_griewangk,850752.39437676,6.464098560308646e+18,5.13273926654717e+16,1.816662204450399e+17,2879242654998.951,377510265.7486199,1.4541684384376048e+16
10,DIRECTR,Expanded_rosenbrock_griewangk,363.79419199440645,1.5643002694382377e+19,7.145723199478854e+16,6.567802972282452e+17,6998.175456907909,378.31106302438866,205990041.75280777
10,SOO,Expanded_rosenbrock_griewangk,3741.0318715814374,8.155537743792372e+18,4.039565135821296e+16,4.907910511669964e+17,261225397251.07382,14769143.571797568,267320831968.737
10,DIRECTBs,Expanded_rosenbrock_griewangk,43662210.83282841,6.464098560308646e+18,239030207714775.38,3.0300590103871624e+16,43662210.83323272,43662210.833186775,43662210.833276086
10,FDABs,Expanded_rosenbrock_griewangk,4.615663412943604,3.994601318445965e+19,1.8127930999556378e+17,1.9365271410233812e+18,4.616219908988114,4.61592700769944,4.616900886394717
10,FDADBs,Expanded_rosenbrock_griewangk,3726615750612691.0,4.182133628006394e+19,1.1432116306062162e+19,1.1330375714415962e+19,6.780001482806419e+18,2.2526630918646113e+18,1.7921273320988914e+19
10,FDAC,Expanded_rosenbrock_griewangk,4.615663412943604,3.994601318445965e+19,1.8127930999556378e+17,1.9365271410233812e+18,4.616219908988114,4.61592700769944,4.616900886394717
10,FDAD,Expanded_rosenbrock_griewangk,3726615750612691.0,4.182133628006394e+19,1.1432116306062162e+19,1.1330375714415962e+19,6.780001482806419e+18,2.2526630918646113e+18,1.7921273320988914e+19
10,SOOBs,Expanded_rosenbrock_griewangk,288740092535.7438,6.49172996590418e+18,290777950747984.94,4.10344168326112e+16,288740092535.7438,288740092535.7438,288740092535.7438
15,FDA,Expanded_rosenbrock_griewangk,1.8041783143469274,4.269829119120457e+19,1.507996175737533e+17,1.7964709774308803e+18,1.8113369571716476,1.8075420517972134,1.8171662768607462
15,DIRECT,Expanded_rosenbrock_griewangk,2114256.8316473514,3.550215259463641e+19,8.647747387615327e+17,2.8185020303355715e+18,8.127662315481256e+16,3985953509754050.5,4.195821920687154e+17
15,DIRECTL,Expanded_rosenbrock_griewangk,378879.9253984415,6.073936801253605e+18,1.2906011502940742e+16,4.997824734024057e+16,210828549503958.12,75387424.63278824,1.534347870808362e+16
15,DIRECTR,Expanded_rosenbrock_griewangk,1223710.8965581574,1.9552433495541146e+19,3.768165924102807e+16,3.854082961976365e+17,1315725.5435034535,1224160.5659039712,2387352800.312413
15,SOO,Expanded_rosenbrock_griewangk,59641.67503276061,7.23298359441267e+18,2.9449939113600544e+16,3.6824942640926746e+17,668898.3426925279,510837.4038919322,24994283743.01793
15,DIRECTBs,Expanded_rosenbrock_griewangk,2046069.0586696656,6.073936801253605e+18,439420134975877.2,3.892843731067386e+16,2046069.0586926888,2046069.0586919428,2046069.0586927205
15,FDABs,Expanded_rosenbrock_griewangk,1.8041783143469274,4.269829119120457e+19,1.507996175737533e+17,1.7964709774308803e+18,1.8113369571716476,1.8075420517972134,1.8171662768607462
15,FDADBs,Expanded_rosenbrock_griewangk,2.104622004659624e+16,4.45568589437174e+19,9.174328350927694e+18,1.164252706546168e+19,3.4500176276243825e+18,7.399223432728259e+17,1.385602431969985e+19
15,FDAC,Expanded_rosenbrock_griewangk,1.8041783143469274,4.269829119120457e+19,1.507996175737533e+17,1.7964709774308803e+18,1.8113369571716476,1.8075420517972134,1.8171662768607462
15,FDAD,Expanded_rosenbrock_griewangk,2.104622004659624e+16,4.45568589437174e+19,9.174328350927694e+18,1.164252706546168e+19,3.4500176276243825e+18,7.399223432728259e+17,1.385602431969985e+19
15,SOOBs,Expanded_rosenbrock_griewangk,157160917021.51498,6.056793803000633e+18,202553265216289.6,3.1410548496496508e+16,157160917021.51498,157160917021.51498,157160917021.51498
20,FDA,Expanded_rosenbrock_griewangk,21.635687690988107,1.4918569319597556e+20,6.871327097336835e+17,7.503525001367409e+18,21.637206233405095,21.636051857974167,21.641324281887705
20,DIRECT,Expanded_rosenbrock_griewangk,142996898.37820363,1.114773207083546e+20,3.7379792503370685e+18,1.5709094453558438e+19,1.2594584303243336e+17,7122268354179892.0,4.582678949931493e+17
20,DIRECTL,Expanded_rosenbrock_griewangk,8.945641517276044,3.2299689664461603e+19,3.2325428133970944e+16,1.1508046711211381e+17,2332125896258567.0,203552856196.6203,6.880749882710554e+16
20,DIRECTR,Expanded_rosenbrock_griewangk,73265488.24668875,1.104261413988054e+20,1.704541056438009e+17,3.389194602352319e+18,73711402.92305009,73269095.93123142,2231179857.1604614
20,SOO,Expanded_rosenbrock_griewangk,4.817998748714899,3.2295994136002638e+19,7.012474665434668e+16,5.820663664467953e+17,754.9577069359348,10.365601170553703,8565555339.329984
20,DIRECTBs,Expanded_rosenbrock_griewangk,9.782062690266912,3.2299689664461603e+19,730049716072973.9,1.0339034738867509e+17,9.782062690395605,9.782062690361045,9.782062690464045
20,FDABs,Expanded_rosenbrock_griewangk,21.635687690988107,1.4918569319597556e+20,6.871327097336835e+17,7.503525001367409e+18,21.637206233405095,21.636051857974167,21.641324281887705
20,FDADBs,Expanded_rosenbrock_griewangk,9592446553863208.0,1.5904592561702266e+20,4.0143730822618145e+19,4.294525168406411e+19,2.139894531686505e+19,6.260001469048807e+18,6.306614637917984e+19
20,FDAC,Expanded_rosenbrock_griewangk,21.635687690988107,1.4918569319597556e+20,6.871327097336835e+17,7.503525001367409e+18,21.637206233405095,21.636051857974167,21.641324281887705
20,FDAD,Expanded_rosenbrock_griewangk,9592446553863208.0,1.5904592561702266e+20,4.0143730822618145e+19,4.294525168406411e+19,2.139894531686505e+19,6.260001469048807e+18,6.306614637917984e+19
20,SOOBs,Expanded_rosenbrock_griewangk,706670620530.7384,9.68439643946353e+18,426929111718639.4,4.656637106584161e+16,706670620530.7473,706670620530.7393,706670620530.7877
30,FDA,Expanded_rosenbrock_griewangk,12.350097261809651,1.2506679080041726e+20,5.221875465389906e+17,5.862220932319959e+18,12.351999927410475,12.350578006301419,12.372967754162744
30,DIRECT,Expanded_rosenbrock_griewangk,2343660123682.3613,1.6794263160600756e+20,2.2338181466253734e+18,8.201125393988725e+18,9.686010804640896e+16,2.345756943360347e+16,6.498434220228444e+17
30,DIRECTL,Expanded_rosenbrock_griewangk,1440163766.2743986,2.457758775461408e+19,1.3027198727195515e+17,4.0493843184843923e+17,8039925915190007.0,33712573296368.18,7.476312192591411e+16
30,DIRECTR,Expanded_rosenbrock_griewangk,612141651.1067153,1.0262086238102032e+20,1.4347234992369576e+17,2.4948093793001364e+18,630206248.1044459,612449117.313486,56995647773.93443
30,SOO,Expanded_rosenbrock_griewangk,1490343212391.64,2.4556199549632373e+19,1.0603354187545795e+17,1.2452674537885376e+18,8885434533581.809,6288825974525.056,183941248983774.6
30,DIRECTBs,Expanded_rosenbrock_griewangk,2343461513718.6416,2.457758775461408e+19,980428852547721.8,6.969325427249615e+16,2343461513722.199,2343461513722.18,2343461513732.7173
30,FDABs,Expanded_rosenbrock_griewangk,12.350097261809651,1.2506679080041726e+20,5.221875465389906e+17,5.862220932319959e+18,12.351999927410475,12.350578006301419,12.372967754162744
30,FDADBs,Expanded_rosenbrock_griewangk,1.5255276778305085e+17,1.297381587585748e+20,3.059121252694556e+19,3.479856034012466e+19,1.4789593669487743e+19,3.7161595465896417e+18,4.790411679182871e+19
30,FDAC,Expanded_rosenbrock_griewangk,12.350097261809651,1.2506679080041726e+20,5.221875465389906e+17,5.862220932319959e+18,12.351999927410475,12.350578006301419,12.372967754162744
30,FDAD,Expanded_rosenbrock_griewangk,1.5255276778305085e+17,1.297381587585748e+20,3.059121252694556e+19,3.479856034012466e+19,1.4789593669487743e+19,3.7161595465896417e+18,4.790411679182871e+19
30,SOOBs,Expanded_rosenbrock_griewangk,21728556280409.21,2.4408291525738385e+19,523743152250668.1,9.030600565417712e+16,21728556337282.188,21728556296951.836,21728556374745.613
50,FDA,Expanded_rosenbrock_griewangk,18.84607503234156,4.617845800380119e+19,1.4874301713494445e+17,1.9833921266665917e+18,18.867443410664805,18.853783150673962,18.921365826923136
50,DIRECT,Expanded_rosenbrock_griewangk,18369108482.263657,2.0932541531868247e+21,2.6262743760296166e+18,2.98325242758232e+19,8.19012041927927e+16,1.8278152078950428e+16,2.838793547455271e+17
50,DIRECTL,Expanded_rosenbrock_griewangk,17388573947.77563,2.613950017425096e+19,4.5552031702850246e+17,1.0859614501635461e+18,1.708274530427741e+17,1.2732021605332804e+16,5.3695823670205914e+17
50,DIRECTR,Expanded_rosenbrock_griewangk,21898901211.85205,1.859265129509482e+20,5.738862020588573e+16,1.0645528687213036e+18,23034539140.284702,21925385727.15509,4368179020478.9746
50,SOO,Expanded_rosenbrock_griewangk,755251923077.094,1.0449824645429883e+19,7.572190650384403e+16,5.4410842425406746e+17,3260594675001.9136,886684251312.6565,496270887526100.25
50,DIRECTBs,Expanded_rosenbrock_griewangk,17387622905.40365,9.079299837697894e+18,1736140844298429.5,6.374637155054969e+16,17387622905.40399,17387622905.403908,17387622905.404064
50,FDABs,Expanded_rosenbrock_griewangk,18.84607503234156,4.617845800380119e+19,1.4874301713494445e+17,1.9833921266665917e+18,18.867443410664805,18.853783150673962,18.921365826923136
50,FDADBs,Expanded_rosenbrock_griewangk,1131283030098865.0,5.27812748429944e+19,7.071237193988761e+18,1.2404292642080414e+19,6.177274403439744e+17,2.2270588613245e+16,7.869154959679067e+18
50,FDAC,Expanded_rosenbrock_griewangk,18.84607503234156,4.617845800380119e+19,1.4874301713494445e+17,1.9833921266665917e+18,18.867443410664805,18.853783150673962,18.921365826923136
50,FDAD,Expanded_rosenbrock_griewangk,1131283030098865.0,5.27812748429944e+19,7.071237193988761e+18,1.2404292642080414e+19,6.177274403439744e+17,2.2270588613245e+16,7.869154959679067e+18
50,SOOBs,Expanded_rosenbrock_griewangk,1280546420860.086,8.238215246544483e+18,208959535771619.03,2.646124565635001e+16,1280603007606.398,1280555769385.207,1280612090807.408
100,FDA,Expanded_rosenbrock_griewangk,30.65247012687678,1.7083847799228957e+20,6.561458720624287e+17,8.174618430035432e+18,30.990079789133915,30.795495096504794,31.49427234372581
100,DIRECT,Expanded_rosenbrock_griewangk,1385219449784.798,4.004887091589293e+21,1.0483222572455262e+19,8.021341107686783e+19,2.504879401217203e+17,7.743992710186254e+16,9.916856826098717e+17
100,DIRECTL,Expanded_rosenbrock_griewangk,66094022906.6248,6.363508560545713e+19,1.2020455688675418e+18,1.9237366076735685e+18,3.1090134289976403e+17,852967873694.3145,1.5672733101444833e+18
100,DIRECTR,Expanded_rosenbrock_griewangk,1012663678151.5052,6.175058519481077e+20,2.2681296923594128e+17,3.477204078476278e+18,1110430377494.825,1018779313140.9255,6930441384837926.0
100,SOO,Expanded_rosenbrock_griewangk,2658042024694195.0,3.3096594767895142e+19,7.015903484045795e+17,2.2813426616397097e+18,8448684981660166.0,4077511128964457.5,1.367832156912393e+17
100,DIRECTBs,Expanded_rosenbrock_griewangk,64961059000.69904,6.363508560545713e+19,9672185485592690.0,2.9753375972951085e+17,64961059000.73103,64961059000.730965,64961059488.55755
100,FDABs,Expanded_rosenbrock_griewangk,30.65247012687678,1.7083847799228957e+20,6.561458720624287e+17,8.174618430035432e+18,30.990079789133915,30.795495096504794,31.49427234372581
100,FDADBs,Expanded_rosenbrock_griewangk,1.1272330759410827e+17,1.83093477314924e+20,2.678583063088763e+19,4.367735454592449e+19,4.356952996267055e+18,8.342655618373288e+17,3.197509627790661e+19
100,FDAC,Expanded_rosenbrock_griewangk,30.65247012687678,1.7083847799228957e+20,6.561458720624287e+17,8.174618430035432e+18,30.990079789133915,30.795495096504794,31.49427234372581
100,FDAD,Expanded_rosenbrock_griewangk,1.1272330759410827e+17,1.83093477314924e+20,2.678583063088763e+19,4.367735454592449e+19,4.356952996267055e+18,8.342655618373288e+17,3.197509627790661e+19
100,SOOBs,Expanded_rosenbrock_griewangk,2704066715094882.0,3.2812194464888398e+19,3993227878486571.5,1.0229827822404387e+17,2704142689098487.5,2704116581280947.5,2704198207276037.0
10,FDA,H1,684.8762122321978,4510845127.935764,29858572.048054118,298799585.3892216,830.2933270213134,688.285822682795,7344.9055805710395
10,DIRECT,H1,33415.573935516455,7230509299.753157,835834958.9769468,1433103856.2846885,104372835.5305818,12516299.682081819,825496854.0446296
10,DIRECTL,H1,33661.49483879193,2901077147.8438754,252097353.96024695,331623569.8774375,70890280.50741123,12060929.714475188,523997481.82346916
10,DIRECTR,H1,17173.927269881737,7230499755.411558,58875365.61670176,415007834.9852603,17354.680359540933,17173.971439968496,39966.72318827688
10,SOO,H1,32689.030163256626,3479762016.7725854,24785733.973111887,201174113.03159457,33033.76249653465,32843.21005774517,139847.11596912442
10,DIRECTBs,H1,33653.35148557524,2901077147.8438754,564858.9652804318,24663676.00081968,33653.35148562363,33653.351485602885,33653.35148565273
10,FDABs,H1,684.8762122321978,4510845127.935764,29858572.048054118,298799585.3892216,830.2933270213134,688.285822682795,7344.9055805710395
10,FDADBs,H1,178354.37585364917,4510845127.935764,1393145212.7642152,1372901288.1378863,934083487.2397091,144282182.64152575,2421205837.0771856
10,FDAC,H1,753.0253011055238,4517479916.675123,29481282.374522284,295554340.76204085,769.7202855378116,754.2247082039767,1353.3931624855118
10,FDAD,H1,178354.37585364917,4510845127.935764,1393145212.7642152,1372901288.1378863,934083487.2397091,144282182.64152575,2421205837.0771856
10,SOOBs,H1,33169.30205756914,2901077147.8438754,150228.39114872596,14137295.33215722,33169.30205756914,33169.30205756914,33169.30205756914
15,FDA,H1,4878.998175093749,4925928840.250557,42274787.46553104,362617664.841452,77518.4591071358,16558.445120453885,329290.38466587046
15,DIRECT,H1,376738.5947843125,6070053048.800379,634435223.5188229,1125553381.5496037,103003064.51134086,15227988.024415774,667305907.2581948
15,DIRECTL,H1,376785.6313838617,3034185224.538053,83155236.98395905,96229717.0856833,18215315.00130397,2773659.9602753045,175358952.74376845
15,DIRECTR,H1,376579.5715612363,6070046853.831655,46562971.45378794,350829833.1460872,376582.0588141149,376579.57651746325,377097.3906663182
15,SOO,H1,6470680.113906818,3016669456.492249,33955275.056802064,197680820.2748469,6521684.608639233,6471511.792942977,8097723.272332562
15,DIRECTBs,H1,376993.2311121416,3034185224.538053,751598.1528882303,17205832.66192504,376993.2311122047,376993.2311121964,376993.23111221375
15,FDABs,H1,4878.998175093749,4925928840.250557,42274787.46553104,362617664.841452,77518.4591071358,16558.445120453885,329290.38466587046
15,FDADBs,H1,28413909.560614884,4980615937.521798,2371669191.966351,1314795837.2458677,2177919537.9564724,1193646471.5703592,3454375578.3238673
15,FDAC,H1,4878.998175093749,4925928840.250557,42274787.46553104,362617664.841452,77518.4591071358,16558.445120453885,329290.38466587046
15,FDAD,H1,28413909.560614884,4980615937.521798,2371669191.966351,1314795837.2458677,2177919537.9564724,1193646471.5703592,3454375578.3238673
15,SOOBs,H1,6471400.7164014885,3016668836.848739,6653553.060398604,13818226.824714242,6471400.7164014885,6471400.7164014885,6471400.7164014885
20,FDA,H1,52677.66523868184,7286287318.827755,42407774.545844354,449908307.8449049,60629.202969730715,56347.40855850192,65402.23856898553
20,DIRECT,H1,197218.2795780832,21210428484.539307,857440867.9313289,2126730525.4556065,88079243.78527513,50851304.71040258,875003231.8653554
20,DIRECTL,H1,176345.58623372795,4249165346.1214175,361177910.386053,726947898.5325155,69969330.46443751,7091081.511191813,139317055.43907678
20,DIRECTR,H1,115978.28155418824,20890754691.11819,65256165.395180285,485010887.9239302,116011.06272941326,115978.36725068204,142720.24983918678
20,SOO,H1,6685795.671290417,4249165431.5550942,95644791.20420049,359680861.3034929,8566089.613325369,6719295.472765898,38449304.41928107
20,DIRECTBs,H1,173076.68222385008,4249165346.1214175,1240396.945707392,36968374.851550214,173076.6822238918,173076.68222387502,173076.68222390706
20,FDABs,H1,52677.66523868184,7286287318.827755,42407774.545844354,449908307.8449049,60629.202969730715,56347.40855850192,65402.23856898553
20,FDADBs,H1,125446.15229807138,7372449528.319829,1933028654.9626083,2224563751.85907,935012038.5774124,9736280.086671654,3442632668.3245797
20,FDAC,H1,52677.66523868184,7286287318.827755,42407774.545844354,449908307.8449049,60629.202969730715,56347.40855850192,65402.23856898553
20,FDAD,H1,125446.15229807138,7372449528.319829,1933028654.9626083,2224563751.85907,935012038.5774124,9736280.086671654,3442632668.3245797
20,SOOBs,H1,6689769.213360696,4249163973.0887184,7141286.467447643,24021923.3387224,6689769.213361712,6689769.213361156,6689769.21336213
30,FDA,H1,3490.062691944144,9620502759.965202,83933135.76899421,729338346.9014599,42068.93440720999,10510.806056490754,134094.76347423566
30,DIRECT,H1,5389824.738598846,16467280643.678411,809886367.0256511,1924707093.0527716,37136542.75229408,7252481.819142328,430788121.0882008
30,DIRECTL,H1,1119364.2704371768,6867656919.821831,75632505.61861432,120598202.16998254,19169449.45731069,7831797.69390055,125477996.612738
30,DIRECTR,H1,662985.7081944094,15247674472.32397,52875006.843979865,506892861.2809094,664528.8318094672,662992.7863582564,989910.7622941298
30,SOO,H1,6375718.650611595,4286231072.569489,124103392.3331701,450739984.9164167,6905428.617277188,6400046.574100797,10061528.641463645
30,DIRECTBs,H1,1127384.644395725,6867656919.821831,2527030.325866916,55960330.42133243,1127384.6443957628,1127384.6443957533,1127384.6443957686
30,FDABs,H1,3490.062691944144,9620502759.965202,83933135.76899421,729338346.9014599,42068.93440720999,10510.806056490754,134094.76347423566
30,FDADBs,H1,528065260.5750816,9819432549.518064,4413833871.639269,2687854669.7210245,3965262504.3363085,1999767373.4746313,6605476911.31266
30,FDAC,H1,3490.062691944144,9620502759.965202,83933135.76899421,729338346.9014599,42068.93440720999,10510.806056490754,134094.76347423566
30,FDAD,H1,528065260.5750816,9819432549.518064,4413833871.639269,2687854669.7210245,3965262504.3363085,1999767373.4746313,6605476911.31266
30,SOOBs,H1,6285731.316854267,4020883464.590644,6866667.092367433,34739273.59960448,6285731.324258272,6285731.320556338,6285731.326820981
50,FDA,H1,5383.335319861537,4394947798.364294,28538186.39257788,280097908.88600254,5540.811500831559,5443.436683025556,5852.570318475039
50,DIRECT,H1,2949751.975767301,9508994274.444178,433225433.079815,764743705.8605306,119710436.97858916,40695639.67028878,410678844.3069796
50,DIRECTL,H1,3344003.7798582613,5645263496.805448,593300435.3635072,867920023.0649878,167502166.2853731,65962741.98627688,905663741.6231658
50,DIRECTR,H1,2646979.447671736,5849034030.818324,49286008.10440701,222777455.70414647,2695483.5727769937,2647329.477829373,6967629.663136653
50,SOO,H1,5171974.434949636,2978448528.9289274,99996119.64602375,266301409.23350647,6902354.606272386,5498720.613844858,28697350.795082405
50,DIRECTBs,H1,3342546.7408405934,2530052001.236399,4984085.861924377,34986867.26891169,3342546.7408412853,3342546.7408412853,3342546.740841286
50,FDABs,H1,5383.335319861537,4394947798.364294,28538186.39257788,280097908.88600254,5540.811500831559,5443.436683025556,5852.570318475039
50,FDADBs,H1,38010756.98399692,4454096376.686805,1445734973.0643582,1322429968.984563,1030093675.146265,253013942.3514232,2429714103.484937
50,FDAC,H1,5383.335319861537,4394947798.364294,28538186.39257788,280097908.88600254,5540.811500831559,5443.436683025556,5852.570318475039
50,FDAD,H1,38010756.98399692,4454096376.686805,1445734973.0643582,1322429968.984563,1030093675.146265,253013942.3514232,2429714103.484937
50,SOOBs,H1,5169977.552289709,2572503369.4436555,5458406.761058866,15024759.983168222,5170053.137908396,5170035.114661117,5170107.209857864
100,FDA,H1,35228.19546076172,7418500409.559792,56597145.74122559,536759054.59342957,63805.28285522867,61178.37013820652,86677.11416642458
100,DIRECT,H1,20292698.037373733,17225234541.6707,988729457.6143286,1640934523.806057,336316633.2757287,132853631.09034808,1029182980.9949572
100,DIRECTL,H1,10457400.366272211,6123823635.94793,439061566.25019026,334108535.33667266,414039055.53933406,175111361.1008441,623954832.0193948
100,DIRECTR,H1,9659829.232368246,10373488072.275976,94749796.26697281,371618565.9472969,12197149.435202017,9669698.842362422,77864309.095544
100,SOO,H1,32608611.410177093,4764709740.470745,462198808.34242994,818325750.9382548,89189493.97721554,41168419.929225534,294189450.85166997
100,DIRECTBs,H1,10455009.164977482,6123823635.94793,16064782.019339869,101922883.73882103,10455009.164978018,10455009.164978018,10455009.165739227
100,FDABs,H1,35228.19546076172,7418500409.559792,56597145.74122559,536759054.59342957,63805.28285522867,61178.37013820652,86677.11416642458
100,FDADBs,H1,120869843.17524716,7547495166.279922,2385385276.3476195,2135843985.4727285,1655330899.1546807,535672364.5775881,3863332688.009695
100,FDAC,H1,35228.19546076172,7418500409.559792,56597145.74122559,536759054.59342957,63805.28285522867,61178.37013820652,86677.11416642458
100,FDAD,H1,120869843.17524716,7547495166.279922,2385385276.3476195,2135843985.4727285,1655330899.1546807,535672364.5775881,3863332688.009695
100,SOOBs,H1,32637372.15581694,4391596193.097797,33574213.99129641,41739828.23878492,32757483.675973475,32706862.949622583,32831141.161431164
10,FDA,H2,233.01238364884307,35895254757.67532,210749079.4233796,2134982195.2039323,233.08508256430162,233.03619511821995,233.21882533852772
10,DIRECT,H2,158.3127184785949,42553266861.187126,2555831402.2614174,7804981683.175006,5232929.149446942,58975.23951085398,382236767.41655725
10,DIRECTL,H2,240.88747110156396,17105587275.51709,29471049.736526344,122115287.84891346,276872.9299116437,3873.7928812762666,5235926.752044667
10,DIRECTR,H2,234.20133802451096,42553264604.9334,256318138.82298532,2525086438.050516,234.79340877745005,234.2861884915245,1485.3846193617906
10,SOO,H2,242.19526437901436,42184975444.75968,106496759.80833508,1448223628.541046,253.32080431232578,242.2417113593163,3877.425223208713
10,DIRECTBs,H2,1441.310687075481,17105587275.51709,1150988.3434357552,90112725.46345508,1441.3106874751802,1441.3106870780693,1441.310687935099
10,FDABs,H2,233.01238364884307,35895254757.67532,210749079.4233796,2134982195.2039323,233.08508256430162,233.03619511821995,233.21882533852772
10,FDADBs,H2,13511114.257042294,37560177832.89182,11247485794.0999,10594880961.126823,7277735210.6043,2206761150.447381,18196114740.439663
10,FDAC,H2,233.01238364884307,35895254757.67532,210749079.4233796,2134982195.2039323,233.08508256430162,233.03619511821995,233.21882533852772
10,FDAD,H2,13511114.257042294,37560177832.89182,11247485794.0999,10594880961.126823,7277735210.6043,2206761150.447381,18196114740.439663
10,SOOBs,H2,100.92673910034,7668649265.443057,520389.1052473887,50098026.589899585,100.92673910034,100.92673910034,100.92673910034
15,FDA,H2,578.9843658879154,8040963705.466257,67006115.24139091,551926944.1536793,854.4869310114004,701.2727950557904,957.169490820366
15,DIRECT,H2,21822.766942817736,3540544829.4823723,498025568.3270015,1103107396.0749094,2803073.5017379927,340556.8756895022,172355838.06504142
15,DIRECTL,H2,968.2674171842709,3253455239.055929,96121963.62283307,249859680.7122861,6815599.008657099,58300.15033433552,51513736.27433346
15,DIRECTR,H2,61.180225117004056,3540544829.4823723,38552455.835291564,321269683.2311321,63.96730365275073,61.18973394938257,22143.55151271154
15,SOO,H2,2320.644328343824,3253454581.7734127,22563382.006323367,199920811.74679056,2639.200936800025,2324.5255463460444,11571.493943665957
15,DIRECTBs,H2,21821.737255733657,3253455239.055929,215990.21230069347,13096892.800168296,21821.737255749584,21821.73725574629,21821.7372557592
15,FDABs,H2,578.9843658879154,8040963705.466257,67006115.24139091,551926944.1536793,854.4869310114004,701.2727950557904,957.169490820366
15,FDADBs,H2,309953.64435564145,8202490971.47871,3985944917.353651,2014346647.5284684,3601711605.323021,2204160148.2299757,5577225404.13745
15,FDAC,H2,578.9843658879154,8040963705.466257,67006115.24139091,551926944.1536793,854.4869310114004,701.2727950557904,957.169490820366
15,FDAD,H2,309953.64435564145,8202490971.47871,3985944917.353651,2014346647.5284684,3601711605.323021,2204160148.2299757,5577225404.13745
15,SOOBs,H2,2320.045752362038,3253431623.088392,177059.11655030068,17370895.37574698,2320.045752362038,2320.045752362038,2320.045752362038
20,FDA,H2,2003.3866952669086,83400769652.19374,724699027.821025,5859414181.611832,2004.3572648305392,2003.8739139187678,2004.8410155221763
20,DIRECT,H2,24080.38138143649,73791920504.15475,7418824818.433056,13648350442.016068,733230008.2123773,103009468.22972128,10354757514.82736
20,DIRECTL,H2,79625253.99826032,36339894087.73432,83264194.75213866,188191042.11476493,79626710.65030074,79626349.01550546,79627007.73335615
20,DIRECTR,H2,1153.2348252798402,72319003899.77278,481190265.4551697,3552423658.319352,1153.2705420257034,1153.2348723820423,1496.0320693444346
20,SOO,H2,680.1680259412133,36184359616.57394,485042523.4672575,2496042251.129168,1045.0740065440461,681.1544079924843,292581.2457032339
20,DIRECTBs,H2,798.3986194515228,36339894087.73432,4038199.4724321696,189814279.73516664,798.398620344638,798.3986199396281,798.3986206486102
20,FDABs,H2,2003.3866952669086,83400769652.19374,724699027.821025,5859414181.611832,2004.3572648305392,2003.8739139187678,2004.8410155221763
20,FDADBs,H2,1013326394.600676,85079488337.36182,41950145789.203224,20564550072.403812,38060659771.57888,23798990933.27108,58134661469.16895
20,FDAC,H2,2003.3866952669086,83400769652.19374,724699027.821025,5859414181.611832,2004.3572648305392,2003.8739139187678,2004.8410155221763
20,FDAD,H2,1013326394.600676,85079488337.36182,41950145789.203224,20564550072.403812,38060659771.57888,23798990933.27108,58134661469.16895
20,SOOBs,H2,874.2347839518002,35594003327.89411,2571893.883228492,166753733.357171,874.2347841494293,874.2347840869606,874.2347841674373
30,FDA,H2,818.874873052388,304084764403.4667,2185910057.626713,19745489427.10601,820.1234576480722,819.4676658291147,864.6164448609578
30,DIRECT,H2,22162.55379508353,407678303470.6562,15752604684.963413,45523290641.60197,578796276.3631642,69758513.2864474,6427793895.587217
30,DIRECTL,H2,206454.01450843463,153412993833.07956,1940064507.6435447,3738555243.426115,319476870.6194184,202592173.2974025,494878743.8219328
30,DIRECTR,H2,27033.480510633293,384198403148.88544,1266997382.9903758,14379868284.49753,27491.542303782684,27037.814378807037,39182.67178603975
30,SOO,H2,540228.1061106948,351131351875.08905,571778959.7888228,9190357723.753832,680052.8597233768,547569.5125280225,3448012.0654727574
30,DIRECTBs,H2,198822.8227797632,153412993833.07956,14379344.274291608,653831791.8354068,198822.82277978095,198822.82277978092,198822.822779781
30,FDABs,H2,818.874873052388,304084764403.4667,2185910057.626713,19745489427.10601,820.1234576480722,819.4676658291147,864.6164448609578
30,FDADBs,H2,2938315024.923667,314570742537.21484,125200683079.38437,84417331221.09918,103209102623.54514,50992208311.14575,188237390454.03394
30,FDAC,H2,818.874873052388,304084764403.4667,2185910057.626713,19745489427.10601,820.1234576480722,819.4676658291147,864.6164448609578
30,FDAD,H2,2938315024.923667,314570742537.21484,125200683079.38437,84417331221.09918,103209102623.54514,50992208311.14575,188237390454.03394
30,SOOBs,H2,3203978.9639213304,152426591820.87778,7050935.140688213,477804882.84091425,3203978.96457013,3203978.963923841,3203978.965954802
50,FDA,H2,2510.8515192365903,517284305417.667,4195700335.457042,35194545947.49883,2513.0249601200253,2511.710023209027,2696.023121284386
50,DIRECT,H2,74727.89381373362,1088579487844.7509,38992055200.56807,105472798535.36424,1863309002.653231,135776310.58667415,15892221183.878105
50,DIRECTL,H2,21721.89424121173,286003136533.6081,515487617.39918154,2299242744.025749,150755967.3906633,38903836.408662945,412159290.94210386
50,DIRECTR,H2,14442.66827717916,869287289907.5112,8182430336.272111,38825914267.52552,14634.16791933538,14446.23259465653,2128110.211545518
50,SOO,H2,254668.51475244603,285758148256.00006,7435407051.737268,23585833632.132996,1467379.0538879624,303516.434499202,19073891.98030115
50,DIRECTBs,H2,11837.839283333102,286003136533.6081,56922468.411372185,2083305572.003001,11837.839283342611,11837.839283342611,11837.839283342635
50,FDABs,H2,2510.8515192365903,517284305417.667,4195700335.457042,35194545947.49883,2513.0249601200253,2511.710023209027,2696.023121284386
50,FDADBs,H2,36389807352.22924,525090640050.1773,226720383543.38126,133034934305.96759,192466309907.3697,110078899397.47684,325882524738.93604
50,FDAC,H2,2511.2108787532998,438387903972.9877,3554440570.3268995,30563640936.005573,2514.178760331862,2512.1110059715356,2722.0790955419984
50,FDAD,H2,36389807352.22924,525090640050.1773,226720383543.38126,133034934305.96759,192466309907.3697,110078899397.47684,325882524738.93604
50,SOOBs,H2,275485.5652387145,276260029972.3458,22729723.945605393,1340301055.580823,275493.6894489493,275491.0713825107,275497.05439281766
100,FDA,H2,5365.976698755809,270310889943.29437,1647949474.1395354,16910526884.85602,8155.464872936987,6122.552737256149,9125.842923860298
100,DIRECT,H2,47477371.734833255,1383348412489.2708,23296220945.26813,68247738149.167366,1389747842.266777,242214360.74722958,12160454779.221495
100,DIRECTL,H2,572506.994768991,177543193328.07858,3752635195.129344,3725013398.194626,3756577638.940059,702343917.6782709,5620051266.731648
100,DIRECTR,H2,4100952.6526135863,541929215523.34064,1291674654.6389651,9657800125.1494,4259359.939155834,4103195.929355568,129647289.73473395
100,SOO,H2,2923723.865256086,139792258802.46204,6144928656.888853,14788996542.352919,209662477.748449,5872125.802694049,1342072391.1754751
100,DIRECTBs,H2,565788.9802495617,177543193328.07858,55734687.59849392,1577117132.8348527,565788.9802496063,565788.9802496063,565788.9803211854
100,FDABs,H2,5365.976698755809,270310889943.29437,1647949474.1395354,16910526884.85602,8155.464872936987,6122.552737256149,9125.842923860298
100,FDADBs,H2,2383500538.45842,276506959822.3104,70714511800.74692,76514433160.34998,37287796617.96699,9283241298.981474,113115048394.63806
100,FDAC,H2,5365.976698755809,270310889943.29437,1647949474.1395354,16910526884.85602,8155.464872936987,6122.552737256149,9125.842923860298
100,FDAD,H2,2383500538.45842,276506959822.3104,70714511800.74692,76514433160.34998,37287796617.96699,9283241298.981474,113115048394.63806
100,SOOBs,H2,3357895.131534157,139555844152.65277,14624785.470246773,718425450.8318714,3436271.449491498,3409509.0521179996,3462258.2730837828
10,FDA,H3,8400.041569890634,34044982750.78289,378103682.12398857,2824463000.8142023,8569.38803873358,8484.531760977377,8654.632010036084
10,DIRECT,H3,48967.3708754308,25020682265.98223,1311614047.7673473,4350734235.240402,42898349.31101099,53703.36025049038,471679098.46742207
10,DIRECTL,H3,56137.65468665121,20625183882.262035,353408712.11938447,442374657.91210145,130122463.92384364,42914519.44894978,674136939.2078829
10,DIRECTR,H3,49131.82701581784,25020681799.81124,225725452.6232105,1895950296.8199298,49583.91670649631,49579.363472048295,50982.91156291225
10,SOO,H3,1186.3298778391154,16654308502.80162,267686382.66604087,1269157521.8726828,35576.855092373306,35459.54261913592,156177.96928328878
10,DIRECTBs,H3,44832.7907555015,20625183882.262035,2554512.645535881,116925791.0759871,44832.79075550197,44832.79075550191,44832.79075550234
10,FDABs,H3,8400.041569890634,34044982750.78289,378103682.12398857,2824463000.8142023,8569.38803873358,8484.531760977377,8654.632010036084
10,FDADBs,H3,64823611.592441306,34592572060.22394,20981355461.135353,7260321232.607994,20349517160.407272,14575035361.275192,27093087772.42658
10,FDAC,H3,8400.041569890634,34044982750.78289,378103682.12398857,2824463000.8142023,8569.38803873358,8484.531760977377,8654.632010036084
10,FDAD,H3,64823611.592441306,34592572060.22394,20981355461.135353,7260321232.607994,20349517160.407272,14575035361.275192,27093087772.42658
10,SOOBs,H3,517.2735226608088,16654184755.031157,2377242.699145614,122960462.43074337,517.2735226608088,517.2735226608088,517.2735226608088
15,FDA,H3,827.7236280511611,474659884916.86285,3189804550.136911,29311805016.55445,828.0241418320807,827.875678876754,828.1734043253027
15,DIRECT,H3,67677280.0368603,469338847092.5313,25973476187.202663,74646524300.68655,1972697823.956554,539206486.6871804,14087948947.391115
15,DIRECTL,H3,36535.09074910242,198775977392.4557,471912106.3260973,896196956.1721579,473492557.1598662,472554714.19507754,474894478.16695774
15,DIRECTR,H3,9683.88312601708,469333257930.66986,2719679808.325616,28061362122.479355,9693.329429315934,9693.329217337405,19010.554442652647
15,SOO,H3,25835.587748119306,202374571568.8002,1112386468.1354952,11529689883.554369,36414.73972563089,26181.71447946503,1132574.74839696
15,DIRECTBs,H3,30565.385816623457,198775977392.4557,13562417.658340387,899148019.2519082,30565.385819460527,30565.38581803728,30565.38582193545
15,FDABs,H3,827.7236280511611,474659884916.86285,3189804550.136911,29311805016.55445,828.0241418320807,827.875678876754,828.1734043253027
15,FDADBs,H3,2386188038.49045,483946089459.02313,187253490873.58044,130529084195.04552,151205178883.89642,72913419500.71648,283584035372.3982
15,FDAC,H3,827.7236280511611,474659884916.86285,3189804550.136911,29311805016.55445,828.0241418320807,827.875678876754,828.1734043253027
15,FDAD,H3,2386188038.49045,483946089459.02313,187253490873.58044,130529084195.04552,151205178883.89642,72913419500.71648,283584035372.3982
15,SOOBs,H3,29546.636085258997,198775970493.4235,9172378.356182097,1048158738.3985472,29546.636085258997,29546.636085258997,29546.636085258997
20,FDA,H3,5663.634619346647,20234244644.630547,166696273.25621486,1381888035.0972006,6065.234630372399,5864.772383690717,6259.312039548665
20,DIRECT,H3,107776950.2177839,14879035673.0451,1492042078.2765214,2532814294.595749,289363362.8815895,107922381.64632308,1481752308.072903
20,DIRECTL,H3,141925.54166413785,44597401089.78571,1979519807.8812027,6809800545.701015,107778260.2498833,3226525.932986432,1551945751.407698
20,DIRECTR,H3,458528.8725550373,57904398778.05624,103158720.09650593,806802998.8531506,458536.1617129252,458528.8821425103,468185.5514927065
20,SOO,H3,19218.16254505349,8222691493.861443,135618985.9868942,687239514.0355873,30875.14924426408,19464.643976206557,2414320.696148101
20,DIRECTBs,H3,451985.31502562575,8354450133.595123,3103953.9917180245,91762697.61629921,451985.3150256266,451985.3150256262,451985.315026532
20,FDABs,H3,5663.634619346647,20234244644.630547,166696273.25621486,1381888035.0972006,6065.234630372399,5864.772383690717,6259.312039548665
20,FDADBs,H3,237184087.5549488,20662973296.81669,9834000435.451788,5122623724.881737,8813312420.934723,5302901457.915768,13846168606.634968
20,FDAC,H3,5663.634619346647,20234244644.630547,166696273.25621486,1381888035.0972006,6065.234630372399,5864.772383690717,6259.312039548665
20,FDAD,H3,237184087.5549488,20662973296.81669,9834000435.451788,5122623724.881737,8813312420.934723,5302901457.915768,13846168606.634968
20,SOOBs,H3,20028.117464610616,8222553470.452356,661989.0024409207,46856199.346498966,20028.1174646147,20028.117464610667,20028.117464618776
30,FDA,H3,17112.257614873124,114273868854.93512,793499305.0288106,7060132639.5976715,27043.57345822952,20546.74824243217,111535.00518984602
30,DIRECT,H3,161108.6317799675,45861638580.27425,3831704692.1523447,10714352907.042435,286476992.8949586,161377771.89050725,1163901411.0859737
30,DIRECTL,H3,138727.6477768086,40327021114.97422,430832878.7491412,337536164.27552795,348321900.36286426,214267762.0351424,564887195.5589805
30,DIRECTR,H3,7831606.920614516,44605496821.433,259694128.7621818,2410180985.8357816,7832457.466944778,7831617.256253298,8760556.521343198
30,SOO,H3,134884.72860069253,40906096190.45851,144854915.484504,1660128818.4695027,664020.2785542973,139976.3883858576,9701295.498957887
30,DIRECTBs,H3,136526.25307347107,40327021114.97422,2867466.8186069005,153082386.28918052,136526.25307347107,136526.25307347107,136526.2530734711
30,FDABs,H3,17112.257614873124,114273868854.93512,793499305.0288106,7060132639.5976715,27043.57345822952,20546.74824243217,111535.00518984602
30,FDADBs,H3,755222429.8310013,116899843791.27188,50078927387.29396,30615177597.184704,42922105830.81595,23051592433.02438,73495478537.2999
30,FDAC,H3,17112.257614873124,114273868854.93512,793499305.0288106,7060132639.5976715,27043.57345822952,20546.74824243217,111535.00518984602
30,FDAD,H3,755222429.8310013,116899843791.27188,50078927387.29396,30615177597.184704,42922105830.81595,23051592433.02438,73495478537.2999
30,SOOBs,H3,136310.31382682096,40273400710.96677,798672.1847640302,106884088.65494008,136310.31386664035,136310.3138467204,136310.31388563733
50,FDA,H3,77003.08546813653,8340819961.220008,98286396.75713192,710359009.8952065,140267.51716105666,98238.587680832,198064.0266432444
50,DIRECT,H3,579318.4048894001,19107937054.70055,878028254.5615642,1513074396.5366435,230946433.30171925,54859928.3860942,885025286.5402223
50,DIRECTL,H3,1523292.1231972186,5900173662.873656,196433551.0275105,537268191.0419465,51242031.62267099,13167766.243977904,166277961.69120902
50,DIRECTR,H3,1337105.1127930474,9808237031.53336,104613094.61207867,577829045.7789086,1340661.201201419,1337166.1044912618,2217249.036364274
50,SOO,H3,1751156.149557634,5231654783.740274,255315844.32883063,600407385.8025697,3349317.5355975754,1818990.7739802394,70027194.2227463
50,DIRECTBs,H3,1521682.0084258197,5900173662.873656,3824357.940000725,59019473.84250721,1521682.008425954,1521682.008425954,1521682.008425954
50,FDABs,H3,77003.08546813653,8340819961.220008,98286396.75713192,710359009.8952065,140267.51716105666,98238.587680832,198064.0266432444
50,FDADBs,H3,1004872825.3892508,8548369662.614208,5019706871.111908,1760779176.2139091,4792551202.736921,3467352262.2294207,6444462603.839623
50,FDAC,H3,77003.08546813653,8340819961.220008,98286396.75713192,710359009.8952065,140267.51716105666,98238.587680832,198064.0266432444
50,FDAD,H3,1004872825.3892508,8548369662.614208,5019706871.111908,1760779176.2139091,4792551202.736921,3467352262.2294207,6444462603.839623
50,SOOBs,H3,1761748.9732768522,4160217990.164069,2519826.8295407877,35781105.923635155,1761749.7577200793,1761749.5016631875,1761750.0196049302
100,FDA,H3,39138.84339015675,14362124788.149044,103100743.74372968,900948690.0310723,320636.21875064506,103806.27932105472,372874.04494815646
100,DIRECT,H3,49085912.8218956,28810594698.014565,984661677.7605085,1614490384.333017,392259672.48615444,254906413.22946855,950085511.8873571
100,DIRECTL,H3,8101858.620087126,19601123113.633327,1866487254.5399258,2314327428.310603,1059305608.6363039,52369650.227094755,2600282370.899972
100,DIRECTR,H3,14919433.190592038,19848148807.53444,106925370.09852378,336264151.02217895,16347787.159202822,14947499.816290274,80983323.59906282
100,SOO,H3,58871159.36999429,7755496476.953819,415760579.7265589,656102519.2598366,145444915.87897676,73493298.44200972,222780270.29523718
100,DIRECTBs,H3,19886732.594254643,7452587918.470587,25906194.24220596,82949333.99376254,19886732.594254676,19886732.594254676,19886732.59885443
100,FDABs,H3,39138.84339015675,14362124788.149044,103100743.74372968,900948690.0310723,320636.21875064506,103806.27932105472,372874.04494815646
100,FDADBs,H3,1287501798.5411906,14589445913.083595,5623709004.856754,3608923459.684592,4620990912.146057,2555929193.6399007,8058406386.7406
100,FDAC,H3,43189.101759178506,10728447156.82758,79235693.47030975,734044743.3316475,324898.22142241115,102564.31116403747,386683.96956171317
100,FDAD,H3,1287501798.5411906,14589445913.083595,5623709004.856754,3608923459.684592,4620990912.146057,2555929193.6399007,8058406386.7406
100,SOOBs,H3,59440525.87600832,7361789247.762317,60363588.93925881,34785488.022795185,59586411.983625,59480561.04096663,59688627.24617641
10,FDA,C1,856.7519322609323,5707.602975383944,1632.4978782470005,449.5765790700716,1558.1607701542475,1551.7199770254329,1569.8119635790636
10,DIRECT,C1,106.29866879506699,7255.735201743448,976.0992311679676,1341.1175369654975,210.9794185494702,159.3231946646506,1308.3454240603533
10,DIRECTL,C1,104.85962598164633,6309.92244412794,720.1013335591185,940.6677209091097,227.84081853022826,137.98167695072834,867.9124839281853
10,DIRECTR,C1,102.79554123562411,5989.280856093813,380.7436248320193,821.8266794895108,105.44979250975803,105.44962381804635,137.13902601770815
10,SOO,C1,102.08233834132398,8352.703727544613,175.6323691085471,460.32108985662984,102.76519818531574,102.42186438193062,112.48246259568657
10,DIRECTBs,C1,107.92824978338467,5019.413642298787,109.7458812394918,66.9949937530309,107.92824978343015,107.92824978341469,107.92824978345607
10,FDABs,C1,856.7519322609323,5333.923480788789,2157.4024674565508,317.6612095857063,2143.400337737595,2125.520917466334,2147.4140538532793
10,FDADBs,C1,856.7519322609323,5409.759335920863,2877.654769182452,1004.3764509846831,2292.6378889113907,2128.2061185749317,3501.572218570113
10,FDAC,C1,856.7519322609323,5453.385446800101,2661.9767699953536,368.7845261898662,2523.4890359204965,2452.801838785755,2858.6161665488876
10,FDAD,C1,856.7519322609323,5753.486678901732,2493.8010100586544,1194.5535113625053,1829.6600029174056,1627.3386651803526,2940.157385040783
10,SOOBs,C1,112.60149278871268,3050.989670456627,113.03858734019585,26.324368202856576,112.60149278871268,112.60149278871268,112.60149278871268
15,FDA,C1,1759.205146170103,7597.8244882647705,3459.9097524163526,503.20282972695577,3346.9035806384445,3339.7957948094154,3446.430044308152
15,DIRECT,C1,120.72288205900259,8129.600181758702,1882.2132124063976,1852.7840955428599,1007.8343251135016,441.66908139401767,3038.2215764476064
15,DIRECTL,C1,120.7698266808361,5679.9156443893135,415.51841007505885,317.4971186618201,333.0006817775113,207.79385158029436,508.26410310885547
15,DIRECTR,C1,118.6162409554945,8027.409115905521,335.2748788236288,857.323925617182,118.61786236015291,118.61625872134277,120.15293461629312
15,SOO,C1,107.71223258817554,8990.079724430609,244.50057969100584,672.8951303555633,118.73735753179972,113.77965768902129,124.13431748666176
15,DIRECTBs,C1,119.86729398272837,5679.9156443893135,123.36055800177135,102.32677113969187,119.86729398273837,119.86729398273701,119.8672939827402
15,FDABs,C1,1759.205146170103,7597.8244882647705,3459.9097524163526,503.20282972695577,3346.9035806384445,3339.7957948094154,3446.430044308152
15,FDADBs,C1,1759.205146170103,7619.975306541906,4747.992424569246,1237.0313305153957,4296.063885850492,3643.7660490021876,5550.379035372987
15,FDAC,C1,1759.205146170103,7597.8244882647705,3459.9097524163526,503.20282972695577,3346.9035806384445,3339.7957948094154,3446.430044308152
15,FDAD,C1,1759.205146170103,7619.975306541906,4747.992424569246,1237.0313305153957,4296.063885850492,3643.7660490021876,5550.379035372987
15,SOOBs,C1,124.48161714214939,5417.872119068534,125.23575987864095,45.748270599227205,124.48161714214939,124.48161714214939,124.48161714214939
20,FDA,C1,2463.427520520353,10291.710414957972,3637.7992629537766,690.3693280646753,3561.325075666742,3490.2160551163706,3561.3250794898167
20,DIRECT,C1,124.36238754491706,10007.83215705026,2125.9672040254195,2492.0066758606526,728.4407420215205,364.0337859800361,3351.337669103333
20,DIRECTL,C1,123.17279270837435,8752.150559989868,247.0932278162345,147.1297905500087,247.02706760821457,220.27528947503868,273.9355102693546
20,DIRECTR,C1,121.94735247476501,9761.323386371148,362.86698316879716,1001.2714005417923,121.94954780304465,121.9473636327142,124.47103991193399
20,SOO,C1,120.63594042056911,9813.637660305769,253.4545886600186,734.631601191541,127.14769132865104,125.68162522553303,134.32427320133638
20,DIRECTBs,C1,123.08724515722042,8752.150559989868,128.12213827019056,142.25622938774717,123.08724515722906,123.08724515722815,123.08724515723179
20,FDABs,C1,2463.427520520353,10291.710414957972,3637.7992629537766,690.3693280646753,3561.325075666742,3490.2160551163706,3561.3250794898167
20,FDADBs,C1,2463.427520520353,10478.764402697894,5534.444228949108,1966.8089944020758,4521.126225890455,3982.047514684727,6693.4118956094335
20,FDAC,C1,2463.427520520353,10291.710414957972,3637.7992629537766,690.3693280646753,3561.325075666742,3490.2160551163706,3561.3250794898167
20,FDAD,C1,2463.427520520353,10478.764402697894,5534.444228949108,1966.8089944020758,4521.126225890455,3982.047514684727,6693.4118956094335
20,SOOBs,C1,133.04946815641506,7626.2632683023585,133.71931258319464,47.40250323956242,133.04946815641551,133.04946815641551,133.04946815641597
30,FDA,C1,4038.8549049751164,14721.33060819476,4831.769732615362,1005.8511960504181,4621.1224473571765,4621.122439581047,4797.895796754049
30,DIRECT,C1,144.46483598010127,13644.704990493256,2739.4249248463834,3384.128530304717,930.6196485306727,464.5172845959619,3793.725615058336
30,DIRECTL,C1,140.40638820292043,11807.464404014449,449.3568570212493,319.97012253237347,403.8106035795927,302.2847839303304,554.6178281368448
30,DIRECTR,C1,150.77339902395897,13478.099355167686,512.5489426160949,1523.913953883326,151.00264598283434,150.77344564903376,154.8479946322875
30,SOO,C1,131.8716491026853,13289.26344440559,357.46086744035756,1137.719992804517,137.44883293849034,133.1520877698448,166.48849216897815
30,DIRECTBs,C1,140.2010305815852,11807.464404014449,151.8315940238213,277.7533915085776,140.20103058158656,140.2010305815861,140.20103058158702
30,FDABs,C1,4038.8549049751164,14721.33060819476,4831.769732615362,1005.8511960504181,4621.1224473571765,4621.122439581047,4797.895796754049
30,FDADBs,C1,4348.100996998232,14956.034928218938,6375.658298598351,3064.635399453794,4570.069191891178,4359.469768792164,7321.338711675835
30,FDAC,C1,4828.786102011255,14406.96395757539,5397.481073571113,936.0512598620548,5206.2493030404385,5171.631203159952,5289.442651685434
30,FDAD,C1,4348.100996998232,14956.034928218938,6375.658298598351,3064.635399453794,4570.069191891178,4359.469768792164,7321.338711675835
30,SOOBs,C1,175.5699253462226,11803.390805648996,176.8434962176662,94.30410371414989,175.56992536573807,175.569925361051,175.56992537008318
50,FDA,C1,8635.608677082591,22699.864837037407,9579.794807742554,1314.1677049821164,9330.219232565025,9329.833497961328,9581.806999583576
50,DIRECT,C1,142.06847367290266,21446.64196100972,4835.095248756062,5615.702547307321,1964.7792889040488,757.6779337799902,7228.4959727071455
50,DIRECTL,C1,132.511094761991,20139.08563342764,800.2250830406825,821.6572556878025,659.6799388571549,436.312903914908,1026.4022523109397
50,DIRECTR,C1,149.344691380501,20436.27184771614,985.7137341234804,2969.8708197882306,149.4083552915813,149.34591809521226,188.16432790214355
50,SOO,C1,128.0157214688561,21336.07968650529,1113.1884431368276,3239.929006747652,133.83136535169183,128.96812806155128,213.06097444615784
50,DIRECTBs,C1,132.25650836214754,20139.08563342764,176.2099518343077,744.9956094181553,132.256508362148,132.25650836214754,132.256508362148
50,FDABs,C1,9609.093979280511,23307.173352057416,10560.030862870524,1398.2852528429394,10318.438890265177,10292.379673850175,10695.672957515686
50,FDADBs,C1,9918.036850829283,23271.068166385336,12081.458966414906,3570.514990991028,10165.673729338927,9953.374632705294,12462.774432140079
50,FDAC,C1,9026.536835564622,22987.249771797724,9937.117992193696,1309.9743658820353,9720.518994470498,9720.428471750633,9894.200941210724
50,FDAD,C1,8568.783172345322,22793.778472441616,10878.062497296383,3819.732090799586,8787.064858074547,8597.638407765935,11456.695326513845
50,SOOBs,C1,134.16376306700022,19673.43567880524,137.73845368401493,211.85937822824445,134.16391466457117,134.16388095608363,134.16394640438023
100,FDA,C1,16501.640063712675,44270.99186186938,16949.62181182301,2306.898424791175,16609.233922144664,16552.147459900694,16656.94184677824
100,DIRECT,C1,172.48284665188885,41555.97383153368,14709.06414298518,12929.757065734526,10545.42610408704,1932.5156683063633,28152.994390994794
100,DIRECTL,C1,190.30873529245173,39901.31034967949,1207.2454850563322,2026.1691489945836,979.8162734729206,694.8911452613656,1346.2370715352001
100,DIRECTR,C1,194.1206609716346,40287.54909875759,1436.8151922540094,5358.201988533721,194.27240859511085,194.1625283838905,202.85006532475575
100,SOO,C1,215.15323639870303,40238.71441643866,4626.151437593382,9444.367627112102,345.60780305325875,243.3570507884765,1186.7420449939982
100,DIRECTBs,C1,153.31612224158425,39901.31034967949,330.88897605455173,2050.8386823907404,153.31612224158562,153.31612224158562,153.3161222430167
100,FDABs,C1,16501.640063712675,44270.99186186938,16949.62181182301,2306.898424791175,16609.233922144664,16552.147459900694,16656.94184677824
100,FDADBs,C1,17371.83089034177,44343.463916394125,21677.80471812206,7043.595843143903,17908.097034471357,17388.661349929014,22373.52133052592
100,FDAC,C1,16501.640063712675,44270.99186186938,16949.62181182301,2306.898424791175,16609.233922144664,16552.147459900694,16656.94184677824
100,FDAD,C1,17371.83089034177,44343.463916394125,21677.80471812206,7043.595843143903,17908.097034471357,17388.661349929014,22373.52133052592
100,SOOBs,C1,646.8682141965969,38422.10036426176,667.3931558912368,716.8992927943605,647.414006694291,647.3125412911829,647.5226642323548
10,FDA,C2,424.31566037172433,21420.17898648216,2566.5051466225686,4666.73419713978,610.1951810132766,504.29985805408296,867.3985060177826
10,DIRECT,C2,187.24174189149426,62222.78713311332,12409.105024158354,10366.836818496618,8154.219379332511,4245.6757617647845,19327.633862010294
10,DIRECTL,C2,261.2261622422807,46581.74447251197,14939.76655672415,10247.165422973045,17191.967500864994,2640.3982876838627,23637.04101792685
10,DIRECTR,C2,283.642244644057,48440.05785435927,2409.2396569940192,5436.832661830493,283.6820949500286,283.65387975026897,585.7365881007491
10,SOO,C2,100.013781325129,46530.62460161557,1353.1243582221339,3675.6758377717483,215.04464777086696,200.00314641255534,518.5497773428988
10,DIRECTBs,C2,260.12195782294793,21754.95819810685,280.4688252465601,445.718301499077,260.1219578237947,260.1219578235914,260.1219578239402
10,FDABs,C2,424.31566037172433,21420.17898648216,2566.5051466225686,4666.73419713978,610.1951810132766,504.29985805408296,867.3985060177826
10,FDADBs,C2,4879.95608227239,21435.744923618757,11635.349618344884,5439.473288914613,10833.110309856145,6439.672695823186,16325.186721724625
10,FDAC,C2,424.31566037172433,21420.17898648216,2566.5051466225686,4666.73419713978,610.1951810132766,504.29985805408296,867.3985060177826
10,FDAD,C2,4879.95608227239,21435.744923618757,11635.349618344884,5439.473288914613,10833.110309856145,6439.672695823186,16325.186721724625
10,SOOBs,C2,1722.3066483127914,16491.945953978982,1730.9418184839813,251.8853433153871,1722.3066483127914,1722.3066483127914,1722.3066483127914
15,FDA,C2,353.9076282932865,53942.175193628704,5236.804157453877,11210.018613812124,384.78513642382563,371.84404387764243,1266.8930122513661
15,DIRECT,C2,827.7948716220726,144424.6973747795,25047.62115756485,18369.466375270524,20474.05463339272,11531.724166839958,34885.89846524111
15,DIRECTL,C2,746.448628129453,100509.52286007974,21563.233210253115,16747.066575336656,19823.751685666448,9350.6653362528,30109.06333101318
15,DIRECTR,C2,767.6420694009166,110972.83083322713,3191.4813789041646,8266.750748457318,767.725796210274,767.6421759365227,783.0760254320685
15,SOO,C2,756.2906266822429,92434.49269148691,3113.607667637834,8247.77334592789,978.5760241040625,764.8112485770757,1329.2486261067331
15,DIRECTBs,C2,745.8227655523656,42321.41177696958,788.2080175114784,964.4052753264539,745.822765552768,745.822765552648,745.8227655530964
15,FDABs,C2,353.9076282932865,53942.175193628704,5236.804157453877,11210.018613812124,384.78513642382563,371.84404387764243,1266.8930122513661
15,FDADBs,C2,12744.869342326949,53959.73072382009,25574.505287841293,11867.019204129456,21562.028212619807,15224.321934211166,33896.38906278408
15,FDAC,C2,1194.163334503799,47165.03299189379,4387.281981852848,8696.773231080671,1194.258883851669,1194.1759534101438,1880.2166808385011
15,FDAD,C2,12744.869342326949,53959.73072382009,25574.505287841293,11867.019204129456,21562.028212619807,15224.321934211166,33896.38906278408
15,SOOBs,C2,1348.0841463759816,42321.41177696958,1358.208055996111,485.6838824123813,1348.0841463759816,1348.0841463759816,1348.0841463759816
20,FDA,C2,100.00000000000273,38702.63052752539,4119.472864561564,9168.269964146371,100.00263600621884,100.00000000654188,840.3315932536115
20,DIRECT,C2,722.1522890707256,87516.0250227642,26827.987148349403,11501.707419105587,24956.32833216186,19090.611077647536,33114.22364377963
20,DIRECTL,C2,409.63112481636426,33516.89790152844,16099.577050306125,6977.951362483769,17516.25408407224,13829.659388553782,20994.691535407623
20,DIRECTR,C2,1107.391432340753,58434.104386605344,4359.862386644323,7630.445851663708,1107.3924512687913,1107.3914349813342,1357.5971775880262
20,SOO,C2,506.17378806601664,63013.37705102675,3855.99509898802,7192.184388257859,742.4528142047864,676.7812008787729,2852.4605224802135
20,DIRECTBs,C2,525.684801308787,33516.89790152844,606.9198390823377,1236.3266217316195,525.6848013098406,525.6848013094118,525.6848013102672
20,FDABs,C2,100.00000000000273,38702.63052752539,4119.472864561564,9168.269964146371,100.00263600621884,100.00000000654188,840.3315932536115
20,FDADBs,C2,2713.4861173467743,39207.75219894688,19139.713901817242,11456.191662934205,18742.15853087172,7883.358390385551,29697.24073704225
20,FDAC,C2,100.00000000000273,38702.63052752539,4119.472864561564,9168.269964146371,100.00263600621884,100.00000000654188,840.3315932536115
20,FDAD,C2,2713.4861173467743,39207.75219894688,19139.713901817242,11456.191662934205,18742.15853087172,7883.358390385551,29697.24073704225
20,SOOBs,C2,2435.9757688601967,33516.89790152844,2451.491049409578,504.16324436567476,2435.975768860203,2435.975768860202,2435.975768860204
30,FDA,C2,200.00000000000455,50109.78537340552,4833.4990771268995,10162.541787890446,200.36508251170403,200.0000001316199,4080.1459239432966
30,DIRECT,C2,624.563346138998,89211.63948371218,35334.079232367156,12927.496357922359,34662.57033486859,28176.96862554181,42889.19891858866
30,DIRECTL,C2,582.590452422065,51703.46175823093,30487.185824566892,11180.121632902978,32010.92868729565,24185.118209525666,39060.62667865905
30,DIRECTR,C2,724.9722121601244,70120.74565389166,7153.887234856081,12637.694729486642,725.1308950866592,724.9735516895846,3506.315769919742
30,SOO,C2,1037.9871413378387,72040.7075470663,6413.096173431732,10694.898274329695,1611.6267222781116,1104.0994083439034,6429.688809309085
30,DIRECTBs,C2,680.1941449874607,44622.106623399806,844.2595640860865,2091.676455647082,680.194144987564,680.194144987564,680.194144987564
30,FDABs,C2,200.00000000000455,50109.78537340552,4833.4990771268995,10162.541787890446,200.36508251170403,200.0000001316199,4080.1459239432966
30,FDADBs,C2,7244.051312720709,50537.45922441224,23706.886746090797,13415.026749932014,20619.061239837378,11113.332174532903,35284.12234414946
30,FDAC,C2,200.00000000000455,50109.78537340552,4833.4990771268995,10162.541787890446,200.36508251170403,200.0000001316199,4080.1459239432966
30,FDAD,C2,7244.051312720709,50537.45922441224,23706.886746090797,13415.026749932014,20619.061239837378,11113.332174532903,35284.12234414946
30,SOOBs,C2,8187.687816309972,44622.106623399806,8208.144411652058,605.6106257630694,8187.687823841289,8187.687822159029,8187.687825436178
50,FDA,C2,200.00000000001,88112.31279994674,10281.561173820339,19742.98104997079,219.63207110610165,200.00000112356486,8963.93682686339
50,DIRECT,C2,2543.505944554551,129840.89505169692,59268.51594167376,17525.074442594592,57737.04251270542,50940.765057133176,69881.73263790179
50,DIRECTL,C2,1166.3382728155407,80400.45166175981,47399.69575831379,14880.137791341625,48942.13155734558,37679.065765842555,58787.62953649167
50,DIRECTR,C2,1929.2379288158027,101537.17110627344,10299.81851896922,19147.632552027677,1931.3779824093563,1929.240868439298,2611.4891464596667
50,SOO,C2,1023.7123739783042,105917.2260821461,15009.089253481596,22363.529412398937,3180.602577246243,1597.396334978533,19260.73471817649
50,DIRECTBs,C2,1153.0359204375718,80400.45166175981,1608.7779532754405,4592.861693116322,1153.0359204375723,1153.0359204375723,1153.0359204375727
50,FDABs,C2,200.00000000001,88112.31279994674,10281.561173820339,19742.98104997079,219.63207110610165,200.00000112356486,8963.93682686339
50,FDADBs,C2,36506.30690272641,88575.06796549277,57923.4847077522,14023.900437341888,55926.641656895605,46346.53366168463,68140.91498975294
50,FDAC,C2,200.00000000001,88112.31279994674,10281.561173820339,19742.98104997079,219.63207110610165,200.00000112356486,8963.93682686339
50,FDAD,C2,36506.30690272641,88575.06796549277,57923.4847077522,14023.900437341888,55926.641656895605,46346.53366168463,68140.91498975294
50,SOOBs,C2,9249.75797453288,79088.64392775853,9289.255319452595,1231.1483078412343,9249.816017250054,9249.804132450947,9249.82687676053
100,FDA,C2,200.0000000000191,277883.3390049343,13089.836293568384,43488.10279415995,200.02302276728324,200.00000037304244,1284.6500841117459
100,DIRECT,C2,6616.7531606356315,390702.51615911885,143896.11166462098,74536.0200706155,157937.09250596925,78731.65536781885,197728.1151376468
100,DIRECTL,C2,6142.601926239975,255512.8041745929,61356.56191969312,29025.234411239435,60197.55685315174,41646.03642758794,81812.49588118652
100,DIRECTR,C2,5168.471742163922,313823.47844961105,19367.060234015564,41139.09362628691,5202.404540693248,5168.978204393423,7948.0745127838045
100,SOO,C2,6835.886603841114,300864.39633503574,44895.001854936294,63695.638744228185,11222.25752032282,7845.75341251696,46721.44584614436
100,DIRECTBs,C2,6140.551621030441,255512.8041745929,7902.465360391424,15224.96214479681,6140.551621030461,6140.551621030456,6140.5516210304795
100,FDABs,C2,200.0000000000191,277883.3390049343,13089.836293568384,43488.10279415995,200.02302276728324,200.00000037304244,1284.6500841117459
100,FDADBs,C2,12105.97030873342,278811.7934264888,97403.8672289628,81419.89129986896,66928.41653685947,26297.232386245876,159306.69885751588
100,FDAC,C2,200.0000000000191,277883.3390049343,13089.836293568384,43488.10279415995,200.02302276728324,200.00000037304244,1284.6500841117459
100,FDAD,C2,12105.97030873342,278811.7934264888,97403.8672289628,81419.89129986896,66928.41653685947,26297.232386245876,159306.69885751588
100,SOOBs,C2,10784.182771899556,254805.68949985475,10886.41401233978,3551.711703612533,10789.34099966701,10788.249581971599,10790.382540915109
10,FDA,C3,300.00000445041496,19146989654.74269,433611897.1579569,2153249271.9392614,341.5602595394364,300.01139713805264,41481.573232423296
10,DIRECT,C3,765.6798495943435,168061036603.33612,4577049929.150775,8620685832.687992,918121430.5126308,56574862.901686564,5882014253.462372
10,DIRECTL,C3,1945.8763681476757,32770787894.12667,3629997869.6912074,4892743918.532195,153478395.20879567,1797865.789722556,6912732529.9414425
10,DIRECTR,C3,57224.23230101134,84918335160.48814,694302963.1388866,3086341167.420438,57234.55889244923,57224.24015007529,276358.83014020504
10,SOO,C3,409.3768711765879,55179309606.34972,397288407.1776648,2138970626.615199,515.4872045341749,409.41447585700837,59483.03391983372
10,DIRECTBs,C3,99487.92775818027,11027213274.772207,4444382.80040201,139256223.6248551,99487.92775825996,99487.92775823391,99487.92775828528
10,FDABs,C3,300.00000445041496,19146989654.74269,433611897.1579569,2153249271.9392614,341.5602595394364,300.01139713805264,41481.573232423296
10,FDADBs,C3,450845168.02893126,19915217040.13725,6471568884.919643,5586080411.494445,4519037309.130302,1640598094.2486882,10429627715.429792
10,FDAC,C3,300.00000445041496,19146989654.74269,433611897.1579569,2153249271.9392614,341.5602595394364,300.01139713805264,41481.573232423296
10,FDAD,C3,450845168.02893126,19915217040.13725,6471568884.919643,5586080411.494445,4519037309.130302,1640598094.2486882,10429627715.429792
10,SOOBs,C3,802.260665497557,9811671693.905348,1992732.2232529484,103713322.66029635,802.260665497557,802.260665497557,802.260665497557
15,FDA,C3,300.00000623327605,71930947311.91794,3828036866.2481565,10320458574.057934,5822.286873128056,300.0404687859375,796487253.794168
15,DIRECT,C3,231841790.10675168,85999464781.70912,17034219224.235266,11929958926.942638,14081611567.906836,8157201595.207559,24540149169.684875
15,DIRECTL,C3,9622.95092352903,137091877546.90337,11478805102.097168,16401100163.593063,7053612223.649255,328115317.91751343,13209109102.143402
15,DIRECTR,C3,197913.5977460677,123564705799.50436,1411298631.5535872,5122266250.81472,208966.8567050897,197993.41028767405,281060950.75467813
15,SOO,C3,508.4970749571394,72120768755.91777,1097901962.799976,4187745443.0595274,206569595.81528538,11464.941089975333,215843693.66458645
15,DIRECTBs,C3,229237515.8309239,41308879657.82394,247993944.08123246,475573813.87407005,229237515.8311437,229237515.831113,229237515.83155975
15,FDABs,C3,300.00000623327605,71930947311.91794,3828036866.2481565,10320458574.057934,5822.286873128056,300.0404687859375,796487253.794168
15,FDADBs,C3,3419976570.849276,72669432201.0247,21039414099.96186,17780794276.439995,13916154752.067547,7394347518.20647,29179923550.389427
15,FDAC,C3,300.00000623327605,71930947311.91794,3828036866.2481565,10320458574.057934,5822.286873128056,300.0404687859375,796487253.794168
15,FDAD,C3,3419976570.849276,72669432201.0247,21039414099.96186,17780794276.439995,13916154752.067547,7394347518.20647,29179923550.389427
15,SOOBs,C3,210724916.9100952,30083747168.18474,215654856.9481378,212378039.3671329,210724916.9100952,210724916.9100952,210724916.9100952
20,FDA,C3,903.3668402462281,98773571397.15932,598625029.102252,5864748468.041029,904.9001410770604,904.1342290114853,906.0212966284166
20,DIRECT,C3,372389.29511890525,320653022991.2294,22580352752.37935,25860415858.343597,13788194574.665918,7037140045.803429,28291723185.080456
20,DIRECTL,C3,102684.58294033552,80518557509.70084,12204570920.370302,10199328922.927061,10783016693.629122,4676933814.229774,16817017184.246311
20,DIRECTR,C3,2006892.0847776127,188193713245.80573,1569755509.5676384,6763963247.994168,2007704.2677148832,2006894.7507969846,3229780.055737093
20,SOO,C3,2374.246946364853,180334159653.01865,1685206231.3343775,7773487450.341138,326925.3446306297,17307.08040444455,16363087.621564476
20,DIRECTBs,C3,102635.69710218678,53179060956.94603,26227122.471332688,625851021.125467,102635.69710282308,102635.69710268552,102635.69710298658
20,FDABs,C3,903.3668402462281,98773571397.15932,598625029.102252,5864748468.041029,904.9001410770604,904.1342290114853,906.0212966284166
20,FDADBs,C3,3603129276.026995,104016445782.5866,28385178262.284565,25903052954.869144,18337351786.3706,8497571551.503292,40181342839.79033
20,FDAC,C3,903.3668402462281,98773571397.15932,598625029.102252,5864748468.041029,904.9001410770604,904.1342290114853,906.0212966284166
20,FDAD,C3,3603129276.026995,104016445782.5866,28385178262.284565,25903052954.869144,18337351786.3706,8497571551.503292,40181342839.79033
20,SOOBs,C3,22240602.041128423,57185900072.547775,28539207.14001627,347351572.16464096,22240602.041129675,22240602.041129246,22240602.0411304
30,FDA,C3,420.63553925068027,84121633122.15994,470686628.1803481,4906442505.891684,421.4937584195602,421.049182660268,422.0429431100996
30,DIRECT,C3,756195.8626659145,482437050448.0463,21811191166.49709,24026785550.49481,14165755791.668388,7567064329.466973,28086481091.089355
30,DIRECTL,C3,567152.465109234,235668925379.06543,34139500975.829807,26154563431.893158,30529966391.348515,11585182844.34243,53978969584.150986
30,DIRECTR,C3,6441293.2692850055,197298999323.0573,1680626973.8729627,7873334069.286893,6448294.606851626,6441487.508986923,8273861.404662557
30,SOO,C3,92264.31560605988,174859616380.22824,2309358614.846121,7554472537.961956,1197949.6332861641,125598.22148958554,136600833.21915433
30,DIRECTBs,C3,566908.9231479906,46907655874.650055,45067343.78185277,842081186.5342846,566908.9231480571,566908.9231480306,566908.923148079
30,FDABs,C3,420.63553925068027,84121633122.15994,470686628.1803481,4906442505.891684,421.4937584195602,421.049182660268,422.0429431100996
30,FDADBs,C3,945380370.911296,87200953078.28796,20160224467.580437,22662661610.12409,9904866697.869537,3172848097.746278,30271924218.051243
30,FDAC,C3,420.63553925068027,84121633122.15994,470686628.1803481,4906442505.891684,421.4937584195602,421.049182660268,422.0429431100996
30,FDAD,C3,945380370.911296,87200953078.28796,20160224467.580437,22662661610.12409,9904866697.869537,3172848097.746278,30271924218.051243
30,SOOBs,C3,17278696.347531907,36665153297.27901,25020140.602693368,358223417.41294366,17278696.36738888,17278696.36282304,17278696.37221791
50,FDA,C3,496.04759376387574,213428797968.53217,1520121943.049434,14139673086.51116,6016.512971786793,2909.41655946098,9071.169698972255
50,DIRECT,C3,27008305.57570092,713017930660.5968,48672833367.856834,51122518050.23356,34468533820.08467,18660952101.029724,60104815043.870674
50,DIRECTL,C3,438030.8590591696,285262671649.52234,43845755949.559654,35523604870.69019,37725024390.07805,13327859916.153006,69495342827.30511
50,DIRECTR,C3,21419564.67870643,373827403530.5289,7375529490.700569,22131122280.78575,21592984.50047345,21420711.26621708,109633710.4419656
50,SOO,C3,492893444.17692506,220488479162.01172,12511221923.856989,24040734628.999805,1076470385.4274194,614681972.5681808,9649175429.14469
50,DIRECTBs,C3,438048.3795027725,144549682016.72318,231059044.0729643,3220471775.812961,438048.3795027891,438048.37950278126,438048.3795027937
50,FDABs,C3,496.04759376387574,213428797968.53217,1520121943.049434,14139673086.51116,6016.512971786793,2909.41655946098,9071.169698972255
50,FDADBs,C3,10321612009.00671,221055268054.16687,67918859889.55031,56672949165.27263,46262067795.87218,22365352359.880894,100223785094.03258
50,FDAC,C3,688.3626472595024,186404279417.4083,1269654419.8496099,12238978536.988523,698.2391939575748,692.4369137836247,709.2512376465547
50,FDAD,C3,10321612009.00671,221055268054.16687,67918859889.55031,56672949165.27263,46262067795.87218,22365352359.880894,100223785094.03258
50,SOOBs,C3,1849075373.126012,113730795515.65984,1890246749.8754308,1498318922.0888166,1849089577.8738093,1849085784.2889287,1849093250.9319344
100,FDA,C3,641.806772427125,375753978336.86426,2555635946.280351,24437070111.709583,774.3562491919427,736.3865051913273,806.7373701349701
100,DIRECT,C3,187114808.9008,1235242075768.6377,99390517241.27815,84450729335.63187,79259865312.8213,55697365400.620026,115618433192.64754
100,DIRECTL,C3,17741785.89934087,545870332848.5954,100643804583.95741,97243701786.9518,71325943671.62468,24380787889.9103,151749641794.6448
100,DIRECTR,C3,157688431.82873845,679220979078.972,24955756073.822926,55247066055.38152,160173652.86853904,157844310.29125294,6056790597.744043
100,SOO,C3,2517380661.935469,255251248122.21664,47113112623.04883,51263952342.15074,23000240785.61255,5416374758.281777,75561310012.12288
100,DIRECTBs,C3,17691734.646056682,270062461573.11465,834297264.2293383,7913987822.747329,17691734.646056704,17691734.6460567,17691734.675242346
100,FDABs,C3,641.806772427125,375753978336.86426,2555635946.280351,24437070111.709583,774.3562491919427,736.3865051913273,806.7373701349701
100,FDADBs,C3,12919047566.516998,386224369228.5127,105029904718.36989,95764685377.28667,67165240937.85953,31738815106.710194,149855572946.0499
100,FDAC,C3,641.806772427125,375753978336.86426,2555635946.280351,24437070111.709583,774.3562491919427,736.3865051913273,806.7373701349701
100,FDAD,C3,12919047566.516998,386224369228.5127,105029904718.36989,95764685377.28667,67165240937.85953,31738815106.710194,149855572946.0499
100,SOOBs,C3,7356265130.142315,203845083507.58823,7442224847.561747,2530873324.536541,7366807088.639757,7363260404.320892,7373601323.484682
